experiment_id,batch_id,nozzle_throat_mm,nozzle_exit_mm,secondary_laval_length_mm,anode_spacing_mm,powder_injection_angle_deg,anode1_current_A,anode2_current_A,Ar_flow_slpm,H2_flow_slpm,powder_feed_g_min,spray_distance_mm,traverse_speed_mm_s,arc_voltage_V,jet_temperature_K,jet_velocity_m_s,particle_temperature_C,particle_velocity_m_s,porosity_pct,lamellar_gap_pct,unmelted_particle_pct,crack_density_mm_mm2,defect_connectivity_index,bond_strength_MPa,hardness_HV,wear_rate_mg_m,corrosion_current_uA_cm2,cavitation_mass_loss_mg,coupled_damage_rate,deposition_efficiency_pct
DEMO-0001,B02,6.0,14.0,30.0,6.0,60.0,557.2135148187424,435.4879627552249,53.00063133140649,4.397045442878744,26.46083501246155,127.9439490232641,154.9394015443604,65.91933028242178,11991.061851033737,755.1848456823111,2159.18623846082,299.2488675569085,5.037742074387702,3.6001188580827344,4.014698934874222,0.36265906980332324,0.40399690719647197,47.305821001285096,583.9969999045111,0.5403191588638916,18.123277585371188,28.377716797375214,1.0403055216104835,66.26555442994979
DEMO-0002,B22,8.0,12.0,40.0,6.0,45.0,485.24684319540927,395.7979590377398,52.450496734650486,2.211032861847672,22.428738725286387,134.13164193691208,164.9290503050417,65.86925169059637,11487.928742685772,748.0353030876978,2014.1911588513665,317.5139579441946,4.916658095502706,4.069704712824559,4.33666608640772,0.333396507766212,0.3865851641275506,46.100580993596424,587.7199658955424,0.5547504350156554,17.988301604577142,32.24378550406677,1.0056408409191184,69.63530274931136
DEMO-0003,B17,7.0,14.0,20.0,8.0,75.0,529.2666444473684,542.9921276629693,43.96771991696181,13.973272824621603,32.671757824931234,118.72661639249188,235.1728193342057,70.02524100098903,13008.636160164213,755.30751225236,2240.3455916328444,275.38351870717804,4.833654730441645,3.568568807609374,3.841082552028487,0.42756706400941213,0.416455467140237,47.831036972267185,627.7588481243214,0.5476497245061284,17.581906943699483,32.68914114139894,1.036762735890393,70.20833120283936
DEMO-0004,B08,6.0,12.0,20.0,8.0,60.0,534.6109901543573,473.06792163021527,43.91028408346788,13.83241315863934,21.335927135248095,130.58386635198454,226.02174759932672,68.82962947143521,12583.897927655431,761.4631765099757,2215.0276914029055,302.181384523105,4.880723588815651,3.829750847530616,3.3739802873617006,0.37460297397318437,0.3996978691338199,42.373096540160276,605.6657357602336,0.5001016233825769,19.552296403048786,30.497508769473313,1.0248279178010413,69.27192000545911
DEMO-0005,B10,7.0,12.0,30.0,4.0,45.0,469.0318975145359,470.8223884769909,61.95535856199915,5.438963169628867,27.78852140830464,109.31811380711497,192.09892602263614,62.78017274854281,12374.269592498556,862.6045359783034,2286.2958739830315,326.0475743065626,3.896116043621913,2.2879955145655813,3.322504408459929,0.29015039102149665,0.30013607255029634,51.93863720548526,637.9219962920198,0.48416987396684275,14.71214692924118,22.582805264878917,0.7753607165036072,71.07412018362288
DEMO-0006,B14,6.0,12.0,30.0,4.0,75.0,496.5437985293218,486.99169998756065,48.486740529203956,8.921556481947453,21.13503888802907,134.425214378744,223.1759407260305,65.65387454010178,12175.108547485745,747.4353011488531,2198.736026132381,325.8845268075072,4.475780257964555,3.43762352273932,3.193908436685255,0.37572585163919936,0.3392303898180534,49.09841620920887,605.5527423767694,0.5354509431088474,16.09803392799792,25.874454079369585,1.025906348348288,67.42130884235239
DEMO-0007,B06,6.0,14.0,30.0,8.0,60.0,503.33539751209355,370.4036003942253,46.57066619949644,13.087856698425725,34.778003121119156,103.97314365886976,333.9183531724075,66.13339791985989,12074.693044247944,804.8591711848654,2268.7357594556374,301.23026225314294,3.9621332816038795,2.968406366826542,3.882338503785814,0.3866477320614021,0.34887049818930577,49.95946936871064,648.3376340222324,0.48241198806536056,15.312126458512065,25.586677669898805,0.902738414612107,70.83927547336137
DEMO-0008,B09,7.0,10.0,20.0,6.0,45.0,396.48881956146056,514.880888586621,37.381606766048996,5.0118145209343,20.34986217169952,105.5997259959408,156.0320926668242,62.71662170828607,11404.304405495152,664.1803128990906,2177.1314458109828,259.60651760995023,4.876762561043076,3.2403542590515038,3.172025494935781,0.42501483829200726,0.3741579017321282,44.46308255589944,605.3126031810609,0.5112780474196321,16.817354695204603,28.745438399423616,1.010283597495814,68.83623978140616
DEMO-0009,B24,6.0,10.0,30.0,8.0,60.0,519.7182109145247,350.62700015750477,63.12259617404502,3.563778134801461,38.63631834334452,107.15706384180841,146.1770679662506,66.09654373692375,11068.003589853652,807.0625494696534,2039.6769167647699,291.00426225892096,5.610875225707855,3.6606524384525367,4.694291206580888,0.3380537360600605,0.4360166427543191,43.31028286862275,589.4813837429242,0.6145384188999535,18.874258426335555,32.2556256889414,1.0906184839261148,70.3604443440033
DEMO-0010,B17,8.0,12.0,20.0,8.0,75.0,447.11143147979766,559.2913980631605,49.46319770268259,10.854815141886649,19.4746035366193,128.63076809697054,242.6576270899645,69.32552608590385,12538.352741369104,779.297003418599,2196.7875937080216,294.19486381184436,4.814498785453596,3.911298793396165,2.870898798871507,0.29180237307882184,0.3752227023084749,49.80729312533574,597.9134451838214,0.5765036851240056,18.20502209390923,28.828757472932576,1.0110337829804346,68.20764700936499
DEMO-0011,B13,8.0,10.0,20.0,4.0,45.0,403.3905376195464,540.0332021162503,32.09081486520323,13.330213812020913,42.04963719520265,129.0160682425958,132.4859633487663,69.24115312497776,12165.883095962803,654.065988140895,2136.3131075378315,243.05449554978287,5.07180282885048,3.80282326167702,4.143195161512595,0.28000272097556567,0.379574502763724,45.745475225100485,611.9991621980265,0.4820276957996896,17.71712061233327,30.587945680667445,1.0043663809596177,63.35964581626979
DEMO-0012,B28,8.0,14.0,30.0,6.0,75.0,420.92318533745095,470.610403478571,34.72480169132679,2.5116463266105673,32.45657709548881,108.6360031040972,231.85312324452565,65.88504605084911,11657.448045314992,651.0831376306168,2229.866877504807,256.3546242886604,3.9301659102018665,3.4404316723219837,3.6226286193152033,0.3127654397047055,0.39784493879779403,53.81941969016475,629.975792073614,0.45968011950814497,16.11807248847338,24.638711162596458,0.8258626290475053,70.60454688849293
DEMO-0013,B03,6.0,14.0,30.0,6.0,60.0,493.7084860314,540.337348158539,30.355746437166875,11.746013338885353,21.126732192743606,107.90064355676539,130.2549302988966,67.42795734581392,12780.618888304889,715.7936924738574,2280.689610449223,284.1993161345866,3.8750540757361183,3.049018054130459,3.0632306343736877,0.33376233682257145,0.32007946734511916,50.33672196615919,615.8103256950646,0.4945980083108428,14.454216719639861,26.70560538767119,0.8001469984789449,70.64609046944831
DEMO-0014,B26,8.0,14.0,30.0,6.0,60.0,320.2087422231551,428.6563732696331,33.22514008455701,4.218845388214712,41.299691684148286,130.60594868662378,234.65591435813928,63.97085167146789,10929.84491376099,665.5011239166397,1835.1814257196306,255.61486382405627,5.909591648026438,4.990167552497168,5.655545567760224,0.3716747863040655,0.510901345701021,41.30076595839463,537.7972052946362,0.639253116966888,19.906859978189768,38.793073141406644,1.205787170522948,60.82249801260717
DEMO-0015,B13,6.0,14.0,40.0,4.0,60.0,519.1507424335948,514.3039431467076,41.36277282178743,7.07614308819865,19.846561790398102,85.81232668078864,147.29055243115965,68.05599320359678,12508.882749522745,753.9347787643729,2486.877664556228,298.4131281517181,3.398438245787094,2.886310792664878,2.0846455885130553,0.4708472459280422,0.3094533566636232,53.59411493262045,657.5598658451888,0.45545085773159555,12.795328435124317,22.37540355248695,0.8176566485524561,66.45786507997396
DEMO-0016,B13,7.0,14.0,30.0,4.0,75.0,321.70438625239143,437.8636802190839,45.155794266180905,7.397948988267606,39.07279025775934,134.26278530993642,123.05505209341005,61.80008017939202,11003.826371974286,713.7747125621661,1919.2003197402257,278.9197202250712,6.066789960134328,3.9682784909472266,5.51967060397912,0.32349495236270365,0.4565237111524942,43.248230396132165,558.3893941702701,0.5782489496692945,17.617554996488952,33.10185951216342,1.0213526961474175,70.61835529997823
DEMO-0017,B20,7.0,14.0,40.0,4.0,75.0,503.5090504465122,481.8975933062077,58.58440619787899,3.550089404568238,32.964278056198275,118.13010115705373,172.83969453408116,64.38885501614801,11897.112616634382,809.7187073182648,2197.2013498712945,303.05311654974213,4.428456956194869,3.7211195954520933,4.105817122379895,0.29729886708683106,0.39161174551693967,45.30477678531808,595.9988189157685,0.4432674231675616,15.418565048212923,32.04307835748292,0.8764489499531758,72.0051837020429
DEMO-0018,B15,7.0,10.0,40.0,6.0,60.0,382.5885257072406,540.6824646154034,41.01793869214701,7.130293148833934,22.40431987983007,109.97548410676072,238.85741545458367,63.83035949713013,11241.983662949375,776.7859132517777,2100.120165689533,295.44475085575,4.860484707777834,3.194815897847288,3.836743249720207,0.3227966106441793,0.410963768059369,48.76959972916117,599.5810203072006,0.5818122852640616,15.737234933740366,34.91389237108423,1.0467098241762607,71.42296723631537
DEMO-0019,B26,7.0,14.0,40.0,6.0,45.0,474.0811007326963,365.08013096565077,42.55789798233761,7.6264331200320346,24.57603743968277,131.8573273980839,119.36736985787506,63.41790685103972,11733.448023527824,711.3795839507802,2100.6385396091837,274.0942943199298,5.269933600215858,3.587626350417884,4.111686380473514,0.39059297124244857,0.41228106870301917,44.69057612526013,613.8426795118033,0.59417372464118,17.087179987419347,31.435986939411368,1.0202760487097526,67.55151477498174
DEMO-0020,B06,6.0,14.0,30.0,4.0,45.0,406.6406689609861,380.9884659766851,31.2076386103665,6.201650749196018,41.98224275261508,119.67728185036957,205.39851361819734,62.622272256698785,11444.491971292293,655.0004709893813,2130.2035571337447,245.19106067948636,4.921836977783323,4.100930419722829,4.586641536258237,0.3720751140160099,0.4535088346770029,47.401270761954606,582.4467826598947,0.5648151348894175,16.56663239201791,33.18223178596452,1.0305156642499362,69.3942924764824
DEMO-0021,B07,6.0,12.0,40.0,6.0,60.0,335.2475828702302,541.7531172499109,36.928789188682074,5.430865267929789,21.643731148971618,90.41819256519523,165.80296269660613,65.15580322015056,11327.008440642821,718.7729276449993,2273.255137512586,297.5052035774156,4.451303936245653,3.19049787767845,3.6210681922890355,0.3314477009897108,0.3333663056112497,52.02605579763652,582.3234519984685,0.4495460542026792,17.757855310042284,31.733251629614404,1.024644025413752,67.65817870134872
DEMO-0022,B11,7.0,10.0,40.0,6.0,45.0,436.5329609223148,426.8209634155457,35.975996879718444,3.425536875594511,24.758793638573167,127.42291311482268,255.82895404792046,65.8488431521075,11349.891000174846,656.078886591003,2066.6663214063296,263.4780233493124,5.4703570800692045,3.938330637572363,4.244766178658235,0.37252144053800784,0.44380087075968205,48.2990232614853,598.5364619497657,0.5967145770182103,18.233941331702205,31.271931755982557,1.045758335266325,68.62925629245525
DEMO-0023,B17,8.0,10.0,30.0,6.0,75.0,386.9139746753595,557.1123585892182,39.8288984026255,12.424064292126332,30.8381577557845,126.71057203507391,321.77058568714654,64.37850992625114,12467.797807462404,705.1894049334837,2158.337105062841,260.03272222281845,5.428520647568342,3.7347974810346716,3.584773759972194,0.35562401354229967,0.40826811426930787,46.91793226393201,630.8808937000687,0.5547628247924508,18.388883698008975,32.068287200120025,1.0486099637645123,65.7197569993896
DEMO-0024,B19,8.0,14.0,20.0,6.0,45.0,491.05346962412705,464.7382974982668,30.87920147596216,11.287165077646115,22.19937431654015,96.43310751127292,166.16034680773413,66.39857802091296,12664.806723095982,672.492372507136,2394.097684170255,263.97428870608104,4.407467884610595,2.9401548348213886,2.923472611284347,0.37575552397664636,0.3584507620613278,49.93817067609066,622.8044013126207,0.5341912336896115,15.264500477765145,28.64150284577806,0.9414225063788503,69.08894427369562
DEMO-0025,B05,8.0,10.0,20.0,6.0,60.0,393.2666076368216,352.63638383060066,54.455540077728614,2.5472405254004205,29.550983924982035,125.05461147229005,318.18218398603983,63.685693886028595,10589.911976517835,710.284677482229,1828.732358314021,257.5883787685075,5.730992663432619,4.672602070290088,5.358215391505109,0.3479809881488424,0.48506329655308306,40.12192555285496,561.114163365656,0.6405410762206878,20.76356632204855,31.95119384549337,1.1180166667429101,73.87152067990216
DEMO-0026,B11,8.0,10.0,30.0,6.0,75.0,490.02296006522243,496.61983822527213,33.856135121368084,2.745207057221433,39.51304050808169,82.48805058969839,210.00253867416723,66.28906737738126,12057.520205555818,670.5400325710708,2223.8603584951857,269.4329093045822,4.323622933416665,3.2914568284464014,3.869526555454607,0.4154462134689558,0.388546357183187,48.17411370026289,653.7321716186275,0.5450937860302901,15.995067703949914,24.724720437350125,0.9340354498380046,67.19050702051916
DEMO-0027,B15,6.0,12.0,20.0,4.0,45.0,405.73376356344045,425.6503433533454,59.172084779051346,2.2605508832567853,32.68746300941,83.23448102979674,241.86355258844253,63.792417388201706,11432.442320849097,824.4659578183151,2229.1584865931372,309.1217040247873,4.229746108810949,3.4264276752242804,4.133253170345942,0.3924967338424268,0.3757140431151747,47.41769529689843,612.6887820876946,0.5128874415155277,16.896696582705278,28.820868937320938,0.9358314490029296,72.68824737369036
DEMO-0028,B05,7.0,10.0,20.0,8.0,75.0,419.85690596286247,538.6368119018709,40.266223853254914,5.195799117598186,34.85353287040044,95.50762216384872,128.21632387932962,69.22452311475837,11961.00572513111,689.4394908106196,2298.188409843933,267.55868896349244,4.786673479975313,3.1867382661435353,2.223323778974839,0.2748938277798801,0.34514813712557074,49.71051846327601,668.4281257220106,0.5468406027477777,14.467132802785104,29.118215466641715,0.9210771186008635,68.89439951519593
DEMO-0029,B19,6.0,12.0,20.0,6.0,75.0,401.1198081600776,455.67314968477945,52.49222243926759,6.7544713029207895,36.33777883223033,93.54489991165869,204.04624181832813,67.34756980265848,11679.410050922683,796.2185843032648,2301.689744646989,288.4019743215169,4.124162151636319,3.289473522223233,3.6369574663333526,0.44056600735372803,0.3800500419363993,49.21147228064196,633.85077925208,0.4452791911841759,16.12932187206956,27.042937450363933,0.8895704393507637,71.5077059957378
DEMO-0030,B18,6.0,12.0,30.0,4.0,45.0,350.1036525497028,474.25301388377454,40.036137214738034,4.452210003665566,26.54257104550711,115.25765343067876,307.6365580256133,61.08640631027062,11605.720397441328,693.857318346834,2189.4093140909645,254.67708343030645,5.016524093571183,3.7816016059725555,3.402356310046508,0.30887051466685767,0.39228258458327087,45.91478826570669,615.89330658881,0.5093839770957934,16.65135389330823,26.979936014409354,0.9827296451343863,72.23567622677791
DEMO-0031,B09,8.0,10.0,40.0,8.0,45.0,345.1702302528539,368.50417127264154,33.52674574927445,3.599503751083175,32.32695464883252,105.82678868913752,293.4126988117864,59.9097781294206,10938.534976468854,709.2530007115456,2166.355673023922,288.81216864383464,4.015866182910696,3.378539311642312,3.307449194780496,0.4187261766569168,0.36851863003645147,46.77809452747887,627.5542353478877,0.4312878765637721,16.065506850983304,28.471052274150196,0.8312802455546776,70.20241131692184
DEMO-0032,B08,8.0,14.0,20.0,8.0,75.0,433.4708818713101,384.4294468196049,41.941817034720266,7.29986174466165,25.727488791023994,123.02276625791801,179.3476136481246,60.750360084104095,11392.079706965837,658.1248408860292,1997.4128805029004,250.86541941865164,6.303842542202863,4.184369669084759,4.48141703972256,0.46111520676480877,0.4747950914260506,40.777565832905715,568.726348693955,0.7044513040874081,21.589707491142097,32.55785358591798,1.089824633693086,69.87698953944928
DEMO-0033,B28,8.0,12.0,20.0,6.0,45.0,409.7881804204613,476.7344871943134,37.55649488182736,3.338702190435012,18.688800829123526,106.43692114309314,137.219140501291,64.52886523320171,11343.832326439177,665.6064389690314,2175.0581760757423,259.65978901782955,4.907408817657803,3.4252427667269094,3.2720227880688766,0.3519583437239746,0.3636312325588213,46.06265968023345,607.168241673644,0.4892700583394776,16.41146961922391,30.799432397379398,0.9801988928620058,67.64551077526208
DEMO-0034,B21,7.0,10.0,20.0,6.0,60.0,516.1568945146392,466.07722669586445,61.32354531790655,8.943235200922192,20.87405778908932,126.58613998208118,196.45811446112543,68.56240214066766,12609.617737313401,830.8111530159069,2170.8763543001896,299.9763898518263,4.681249213648463,3.8349467262781425,3.3725432918296088,0.3994704887188908,0.3882002525480381,47.37608438742206,594.2341168881009,0.49492029278639876,17.346049226946935,25.806819892463736,0.9379234516347029,67.10325680020792
DEMO-0035,B16,6.0,12.0,20.0,6.0,45.0,364.57097554339504,405.20925093501336,58.80947443866627,5.038851262372018,41.60325451102385,90.24276699133628,245.32369935476535,62.72618439985886,11043.943954805918,779.9032020314736,2102.864027337747,265.6501188351121,4.710320810390189,3.976489979406526,4.1659830404044005,0.3295463395985495,0.4097685081369482,45.99286623697751,630.3395784877895,0.48481634791344685,18.287245103084672,28.79073233512357,0.9124817464296516,65.18896117986455
DEMO-0036,B26,8.0,12.0,40.0,6.0,60.0,440.5921535668769,507.5231785046615,62.19770058968077,8.161407849947544,26.15062378292129,124.41287205763896,231.26259876255057,69.80836457481989,12294.894988478332,841.2892226876052,2251.3364939153143,340.1195303560148,4.595979751187868,3.413400531642213,3.3543468981762135,0.3552392710165792,0.3611452583675739,46.294866482363474,607.4888206982597,0.52748011909996,16.61892376101963,28.800120009755027,0.9391720039777669,67.49364501696519
DEMO-0037,B06,8.0,14.0,40.0,4.0,75.0,549.0921991816575,340.0692615481054,46.56544363546075,7.112143441306079,28.270273720677057,86.68124128820565,250.066409695571,67.11004557612365,11596.940869162947,754.2618716664414,2178.12619664516,315.2239541870859,5.373842425515309,4.053157760507756,3.7360016522449473,0.20440395155220736,0.3671314635149681,44.755051167900426,585.0736540313244,0.5641308609174556,17.179502328857883,31.5071546492948,1.0629143084689987,72.86442589570362
DEMO-0038,B13,7.0,10.0,20.0,8.0,60.0,373.0231951143152,474.7283196339754,62.35796244961651,5.942254153796796,27.411620958078345,108.56048016141335,215.2592124796506,65.63423181694273,11221.825423600816,815.3217303593837,2136.9617226545784,304.1446464650517,4.1733274969342045,2.9423291539872234,3.6335607711084528,0.3525176548758515,0.35406708286204397,49.76376514602939,611.893391482618,0.4780358787327764,14.77006639216741,26.95106524484317,0.8513145150889699,72.37838339837977
DEMO-0039,B09,6.0,14.0,40.0,6.0,60.0,487.65750741162594,468.74617330845933,54.84424146139497,8.770776510230816,31.59082492307197,92.49798423207373,282.25478292904455,67.30132392345541,12626.56676647198,848.0554722714373,2361.0233215980916,322.55245613445715,3.75381880397213,2.9517023606549726,3.562784662000711,0.30560508344678516,0.33655307370144555,55.3353741368235,617.9464210637958,0.5028721338207792,15.670542935703349,21.64664398505421,0.8297661531588566,72.04913746081905
DEMO-0040,B25,7.0,12.0,20.0,6.0,75.0,442.6741076851206,439.7028613244447,60.70635298435695,8.693467729420945,26.100563258216113,121.58367227816322,267.1819035387038,65.73389640816703,11962.264177811277,832.202307234848,2107.3360302348683,331.6060348320717,4.092975449510462,3.8123982469745865,3.784124921711409,0.26637420187473454,0.37067336144106205,48.628904610981806,615.9703869848234,0.46304278478472427,16.865207096034748,28.697468300031346,0.9204346377608297,70.6192026344751
DEMO-0041,B01,6.0,10.0,20.0,6.0,75.0,347.8799191481002,490.607349704372,38.91663355366858,10.25208660677709,24.408449693851246,91.18897214751624,212.90303517571198,65.58566615057072,12138.653396272864,706.2382718395509,2299.1362902125566,245.8358891496025,4.415578622772928,3.2487030100848404,3.425972871227054,0.4043743072469733,0.3796484501200421,44.51487902082908,633.5386568491476,0.5226784257493259,17.11287403580686,23.742557452902957,0.919603233761257,66.096165661599
DEMO-0042,B16,8.0,10.0,40.0,6.0,60.0,540.2468911599399,540.8451278704365,33.25300851111753,11.63826764105722,24.775959226588746,130.38718051962934,324.17479916428425,70.98285960799569,13438.206999355143,734.4728900606215,2284.292889883185,278.33395182435976,4.305612703001294,3.658335113654669,2.778807970350775,0.36401146520221894,0.33360899945727196,47.534972386280515,600.1644219150223,0.5230563823602161,14.131242487550141,27.075985837650638,0.8723510186596816,69.79377095733129
DEMO-0043,B18,6.0,12.0,40.0,4.0,60.0,520.6538818755361,356.1864687800889,63.88515794361647,11.867713885461441,39.100199581643885,118.04601334214195,212.83584845224695,63.02400634341379,12120.60635208295,864.4668881413337,2187.9781190806025,333.6472404543424,4.2313634411718315,2.9419950768247185,4.139708244044225,0.4419960206304095,0.37516694446920507,47.53807043041162,610.541025606867,0.5102582413511131,16.326198273793295,27.622446097317702,0.9762357884597963,67.4800645750147
DEMO-0044,B26,8.0,12.0,30.0,4.0,75.0,369.951674633985,517.0719761414921,51.520004203759726,7.32037912857443,28.377494540881067,89.41799688299672,307.82088822568255,64.419964804883,11718.44669622513,773.6096027505195,2262.625974159619,311.5277184484814,4.209278904547278,3.096483019925955,3.8280550221173257,0.3324642231365626,0.3874442413802718,48.090951998197795,625.5446401549375,0.5177430071050303,13.34083436891231,28.03060065855473,0.8458858026167586,70.90235895895334
DEMO-0045,B28,8.0,12.0,20.0,6.0,75.0,327.396942303149,341.3201646112979,46.633476254630246,9.539381185859462,42.548292017790914,88.82598420411092,259.01883753459987,64.7583869145914,11298.463166465135,754.7614321223712,2236.647570884411,297.6512839601152,3.839180607311222,3.488730956850241,4.504310637386661,0.3416224995313894,0.33018546938231846,45.045932923050714,645.6827637492021,0.4439375709737207,15.904605890544698,22.59647219476169,0.8146717601315043,64.82712059539936
DEMO-0046,B24,7.0,12.0,30.0,4.0,60.0,506.85708087299275,337.2704336100378,61.76528737558422,12.508536769747355,18.254698428636384,123.74461687113413,177.02271273028336,65.97680950539507,11599.382461380017,838.1998281101377,2180.190787552481,329.92779604063077,4.7687239078073045,3.042885302082012,3.6822257520352037,0.39196792751946646,0.37605591751376044,46.15805627494805,603.4147131621656,0.5033418501569021,16.429571042958635,30.720605920182418,0.9891549305917546,63.632156693363584
DEMO-0047,B25,8.0,14.0,20.0,8.0,45.0,507.401193629492,534.2159147255618,49.73602390956418,13.809829815540375,24.903791652295705,132.53246328922276,181.72405584742773,69.07156629861572,12934.47302745132,749.6470547214316,2347.320588475566,297.0905194550621,3.740795900962751,3.6161708364299776,3.617808221128195,0.38191853618455435,0.35275091936862707,52.19772812474253,654.5882055878228,0.4955905042078917,12.995652834755544,22.41760436758895,0.7788779027273954,69.50345615688293
DEMO-0048,B11,7.0,12.0,20.0,8.0,45.0,450.4540424153209,443.5257074214986,49.12674027412428,8.607688782261457,18.46394291847703,108.67676161776231,184.9476694658222,70.09583600966522,12206.87104209966,738.9106848405295,2211.588019350107,303.9175974039756,3.6828058071819063,3.352862509284684,3.2837703994890917,0.3867421792751959,0.34881942948648026,52.365625236295955,635.0781563954592,0.45892376374180077,14.091575741076955,25.96215622890885,0.853067234331277,68.96961034108031
DEMO-0049,B07,7.0,14.0,20.0,6.0,60.0,387.4203736629855,438.62684228860337,53.91423339545976,5.733551710377872,37.54932640556497,103.8081330383591,303.354190261682,64.01933716252785,11292.117382537846,778.0936548588545,2200.721105740055,284.3906594237264,4.889096417033078,2.742283214555749,4.095417525271731,0.3641542989208348,0.35981372552050916,45.31405213759744,597.9137103749346,0.5427198702301427,15.5865254957975,28.817352285590704,0.8818493351554195,69.44631069044127
DEMO-0050,B28,6.0,10.0,30.0,8.0,60.0,411.0947400475766,446.2049614484632,51.278638077721894,13.688056828951954,18.395597734691695,95.71836856026026,205.06208976937774,64.98857146895872,12336.521541974427,861.2813644315986,2279.9271666905943,335.26067399123735,3.5150114924888323,2.60020685962073,3.079919459258961,0.3630628650971196,0.320685439070393,54.55337748631735,628.1377316935217,0.4364207596379038,13.427209079068197,22.086136652073847,0.766501376842794,65.96002957061434
DEMO-0051,B01,8.0,12.0,20.0,8.0,75.0,351.78887750716655,429.1331353970385,45.671812692523055,7.291359296732097,20.76111161954224,97.95306969570936,235.7758287717394,62.125013586075546,11510.526864103334,745.7761403522082,2262.226644532484,285.8869604337542,4.507678981502597,3.0769699838751783,3.3304673452882785,0.36322697726496245,0.3474314511685681,49.3952114889427,631.6952759225444,0.4873901897793681,16.02938324848968,24.845211401516988,0.856176668141045,66.90662506481445
DEMO-0052,B21,6.0,14.0,20.0,4.0,45.0,442.8137703991373,415.6363045850468,50.727273518812304,2.42837712219298,27.779465398249368,124.31630126366471,312.20488304234004,63.98012814740185,11320.924965268985,695.7231959269599,2086.8243986530815,270.2409189603121,5.003306998472171,4.098286507348078,4.80032849802917,0.44508023112095746,0.426453344140535,45.97793139997104,565.8365080713922,0.5760646141180217,20.457918475026876,32.26240991288659,1.139041963492912,70.48244217951942
DEMO-0053,B04,6.0,14.0,30.0,8.0,75.0,409.8996562921815,446.0264288015375,47.628810029572314,8.9423294595857,18.710489101865143,119.91825781676985,247.10773750206067,66.00103573434829,11894.13831368104,785.837601364307,2149.0333563673876,303.09409408486823,4.896974667694186,3.489764893025733,3.450872233928462,0.4266339397923639,0.38515283670028344,52.146316087912794,602.3523911843516,0.5126225514213161,16.335752869862457,26.39745285696352,0.9425825975883788,67.57344495036816
DEMO-0054,B06,7.0,12.0,20.0,4.0,60.0,348.52645269448595,432.2960132935701,64.35497512003775,12.532014292964588,21.79189974690633,122.62559547760097,313.0087176638931,66.21289647643182,11263.620104659873,836.2588172312434,2028.0477847749808,310.96560896893743,5.296758872144144,3.777602744349057,4.245883484637006,0.45244605158472767,0.4324931908165929,39.900279118471474,566.6966143937506,0.529725232468739,18.80880653175497,29.265410055257714,1.0418581602417318,63.82910475769845
DEMO-0055,B06,7.0,12.0,40.0,4.0,75.0,424.5381789136265,510.73653171813663,62.596434862853634,12.285159702135417,18.789454963712007,99.51607224099611,201.30682024462678,70.15738804007839,12785.632333795016,863.746372499967,2383.784408986642,355.8284009553126,3.173589325783536,2.5758823641303263,2.885328907625485,0.5628734557296361,0.3265387309138798,54.774227643965716,641.5060583953746,0.4697002773512302,11.344102433829063,22.782323510360197,0.7837727697358636,66.79558226625109
DEMO-0056,B13,6.0,14.0,20.0,6.0,60.0,330.1530675362477,549.5919184930873,57.22271700435864,8.3947684450247,40.86508501119544,117.63382763289746,277.5191627464328,66.14688283788077,11318.646623404204,742.6406824944936,2201.102632662428,277.1663201819298,4.656175449666897,3.582148670874253,4.253939784869203,0.4156004178135103,0.4168015412531455,50.97057210079512,593.0030228518982,0.5108232154412796,18.39874550320367,30.7226065807551,0.9412350735127789,65.79811636106791
DEMO-0057,B24,6.0,10.0,20.0,6.0,45.0,479.0273514824259,452.0092431741171,60.54541532582614,4.008627424074099,37.00112402188755,117.01754854052678,142.86617952698282,67.92989887119569,11530.156964609612,772.8767860272429,2131.8501696690914,289.92015983961716,4.631131380884675,3.172203162039565,5.027022239516341,0.3004227297259286,0.376668910201683,49.31659373946959,587.7971295519362,0.5235297117410157,15.429022518597348,25.31299817222989,0.8779697948424674,67.19291992657162
DEMO-0058,B13,7.0,10.0,20.0,6.0,75.0,470.815074964326,337.7447714338075,34.797059939727994,5.532337916856766,40.54550992428055,123.3361097717395,253.93839925635658,64.67800471467217,11192.230333380345,607.567396146102,2070.811455214738,215.38346884732482,5.926909829583765,4.612276139209185,4.584276142808532,0.3320817993456399,0.45054138658319703,44.17708444342601,554.2097525009898,0.6193502710806955,19.875926774955325,37.72791241596543,1.1282329513048466,63.222210080350884
DEMO-0059,B07,7.0,14.0,40.0,8.0,75.0,460.3032645132643,558.7857342070506,63.1964870362043,6.682087953846871,25.321031031893092,103.22489796979855,171.12003155575997,68.0944132223837,12681.595868952367,871.7525938472037,2339.5646423978515,353.2699927639675,2.9820239695726327,2.8860151728356693,2.50246968034667,0.38498982535698684,0.28959809063277064,51.38321885903917,688.2889824726186,0.4066932042339862,13.038535532688577,22.569920883542178,0.8082703983718853,71.4586607723105
DEMO-0060,B03,6.0,12.0,30.0,8.0,45.0,425.3935977323879,508.6185889812622,41.52822516659496,10.725766268269243,25.07270638760543,91.338184550357,198.39018809860724,65.87955064906791,12353.087791095364,736.8438513027113,2223.5423235883463,277.4308046843448,4.6794395285383406,3.534830898795937,3.6875406911851583,0.3756665293198837,0.39815520830368384,46.957139991467685,614.882590617252,0.4952175697467103,18.145283717841366,28.698375013288445,0.9171895099692446,70.21378694072807
DEMO-0061,B12,7.0,10.0,30.0,6.0,60.0,398.2167272976298,533.5585353166978,38.725900384863195,4.383390691302003,29.019463875226442,121.24950014631975,296.7549020679831,68.51405032318684,11466.008172842698,636.9495653134456,2116.9074458097684,246.23645290551912,5.604296946652901,4.00412181433626,4.1884766207305795,0.3032741757399318,0.45353141647506273,43.914733683317536,576.2830753592225,0.5461339159964282,20.051360878973238,30.565737880144717,1.0098980948115146,73.12542000231642
DEMO-0062,B01,8.0,10.0,20.0,6.0,60.0,357.18998134104174,470.2549178002814,62.5199201242142,6.870785804909395,26.836477161679127,115.5131795475426,167.11304462458136,65.75353199314459,11142.22197069032,839.7135624701737,2101.223467013139,316.40735936299006,4.520519777375426,3.605643379654985,3.960696243697894,0.45598691900865645,0.4034838283829101,45.61295938318786,626.2464618556498,0.45855009994016815,16.533512501774286,24.716214427117677,0.8246164116421998,71.55197817732193
DEMO-0063,B08,6.0,12.0,30.0,6.0,45.0,549.8961749587047,480.3288442615157,64.4019250353889,2.9682282309337107,32.64990285843337,133.45987036851676,192.58618453769998,67.33405246090524,12085.716944020276,829.0613727090445,2122.7144829334957,310.6327409023134,4.44454803401439,3.7577210503302694,3.82206912801994,0.39254777982323363,0.375940524082276,48.27033207340237,629.4525544521442,0.5543078128239657,17.315725782330734,22.840744522382604,0.9073013080762244,68.41628467317173
DEMO-0064,B25,6.0,10.0,20.0,8.0,75.0,449.1019059594553,371.29087446602904,36.14469572500627,8.205747728529653,28.406208990609496,115.82927473152027,247.57692695503962,67.95371987971099,11470.22991352641,669.2944488008886,2075.950958084846,266.3681150412624,5.379127814942031,3.672355344679497,4.071474299388912,0.32428626869006366,0.4528011954117852,47.89303536688944,575.053222904323,0.5819285595840107,20.092798879420684,32.00835401066164,1.0597063765910675,71.83369151441953
DEMO-0065,B23,6.0,14.0,20.0,4.0,45.0,350.8659279751037,473.1505244254821,42.56789710154386,7.428538234780106,44.95791820082395,100.84839179660506,213.8241501379356,65.30710167495833,11283.603166980776,701.001497615444,2193.1583009085384,261.5566181853713,4.419674964680428,3.2401713244469663,4.064131256627955,0.32230361911981714,0.35204648161830376,49.90205684324212,613.1065466479089,0.4782141405708196,16.717111187149374,25.8239400029242,0.8846504331704395,62.246068164206
DEMO-0066,B14,7.0,12.0,30.0,4.0,45.0,455.0276362822775,534.7607176640593,37.663657962943205,4.979287031053292,38.94424507377546,113.5059264603669,207.44952135049593,70.88692941963829,12146.803145064174,665.1913636573123,2315.100535412723,257.0920228446908,4.739864212680192,3.343605268901276,3.6633075799159345,0.43242462068862497,0.39544078035329255,47.67748870936106,599.5206856492949,0.49560157149508977,16.895227588471354,31.347278860465188,0.990003469785071,67.38279792618846
DEMO-0067,B14,6.0,10.0,30.0,6.0,45.0,399.29940304981847,509.9390768945029,53.782455041713874,12.206659182431354,24.43450359971213,86.834325416732,296.72315973590844,66.83945118574407,12350.326260773576,834.377506895327,2466.2892815130895,316.2373405169032,3.510360146048828,2.9489305510094144,2.5808406498295935,0.41066448596971533,0.2700492276836319,53.130118426829036,621.9483382213242,0.48098921563221964,13.329045946032338,23.41623437383623,0.8634392016910568,71.87655343747417
DEMO-0068,B22,6.0,10.0,30.0,6.0,45.0,482.45535796275055,456.48052210162797,37.22274389367384,2.2082328002681986,34.57670049190057,83.4638856668172,333.1261090748086,61.173931471826386,11767.864424434627,694.105291469865,2351.5407821975873,299.3736085919755,4.4276941984352955,2.9167970877174247,3.6722855741521747,0.32574923289219115,0.33922551305538756,44.353912766627616,616.6718215870757,0.541520353964601,15.29853379950085,29.59192067561994,0.9254284765402234,68.39393327811491
DEMO-0069,B09,8.0,10.0,20.0,4.0,60.0,472.3693220260134,556.0605355250234,32.744828363695426,7.047677441388858,40.65151122575341,99.88591259504744,140.63161885873816,66.23626861532041,12260.584036285874,673.4286335727843,2297.8499449625906,241.28580552586746,4.511497429790043,2.832078371100809,3.7577427444397804,0.3699086757616172,0.33966575639388324,47.227311689194316,590.7774087059724,0.5351550672734691,17.085769915054907,29.788436346125728,1.0064546300014154,70.38587618385206
DEMO-0070,B25,7.0,12.0,30.0,6.0,60.0,331.4113233431165,424.5971297420408,37.78357660757264,11.542998255577475,36.71797961176314,118.82497659551674,296.5616734711715,66.61977269132137,11302.157410114054,708.2872224767785,2102.385361530904,270.4832786156225,5.02403330275383,3.137519506048973,4.582080311205556,0.3772477449854753,0.4149632527882383,46.99974315679918,592.6025513489529,0.5484424961718988,18.330544726300793,32.868721581433626,1.0388556126970376,67.13255828206496
DEMO-0071,B11,6.0,14.0,20.0,8.0,45.0,412.6313395631663,374.77852839102985,32.773399461561134,4.530497246868162,24.223554774461455,82.10283267513026,278.85639570234366,65.08368415719575,11197.272821374263,684.5162789312518,2278.645992442812,259.36045400917317,4.712798129699212,3.419642579946855,2.997644933320217,0.357253916188852,0.35052347765036773,47.120185054881915,614.7363862770792,0.4655531332016925,17.462870369989435,30.24247036997365,0.9894886747345585,69.25814159937529
DEMO-0072,B06,6.0,10.0,40.0,4.0,45.0,407.53400055037474,410.7616060725502,41.37304098175834,4.25608556672199,33.51961162089868,89.77526121281964,237.96312196112626,62.09758787419785,11500.441908543045,757.6443364456155,2215.8525791266866,285.8918783114375,4.7319441676155325,3.5214468921174693,3.6332454443496527,0.2464117967736375,0.37671364350281583,46.13498923090936,619.2779881829421,0.46904609081849385,16.20982286368175,25.631740252626575,0.8637068354629669,70.23599870398543
DEMO-0073,B17,8.0,12.0,30.0,6.0,75.0,532.7076174203479,551.1613949817631,46.343396444377035,6.544953419994858,24.277738829453526,113.90403610773079,255.1878567885891,66.98354621808247,12614.756318756063,724.9726555898975,2303.3173086114516,285.2682997169494,3.885107915668654,3.176652454013011,2.9177854303282342,0.4703267553249608,0.3282532162821535,49.40788842125221,661.6061326750081,0.43828054181297177,13.715357631586862,22.897908011489704,0.8194766151616028,68.27134191357707
DEMO-0074,B13,7.0,14.0,30.0,4.0,60.0,548.9416037303201,426.41996599486225,34.53924509053329,2.865241011027232,28.45538364545347,119.07076887247507,311.681099383327,65.38767601982744,11625.8303116505,613.3843616590086,2155.5491499693394,236.9935485477858,5.226140508562258,3.618053089617979,4.600560009674954,0.3750704152648351,0.4203726485834829,45.23947768115826,571.697303610999,0.6254865671126876,18.368793739939957,34.70505100580868,1.1496818608880048,73.56473285877712
DEMO-0075,B06,6.0,10.0,40.0,4.0,45.0,475.2954439191627,504.5938011552879,39.05741049017503,9.45973541329878,26.671234101810043,122.06399530819655,300.58059727649317,67.54063254305031,12602.536561881709,759.282978883183,2258.9501012175174,286.3664693736316,4.278085467043147,3.328975133663831,3.3985337448837614,0.37802518809525076,0.34970040801638574,47.34192709897229,604.4524536288831,0.37571950380465724,14.11318148568564,25.96472201009152,0.751615793747528,67.05118441444041
DEMO-0076,B02,7.0,12.0,20.0,6.0,60.0,404.380330486969,511.67122268286937,36.5658468963111,9.045634995324528,27.93399919105632,118.35673945534579,272.4132944057191,66.58547340940093,12028.229064506488,700.0072255820949,2148.9941656924866,269.9577563390821,5.402996607630158,3.5788613931306155,3.5254129746061444,0.343889848152691,0.41361554919578547,44.72835832914402,598.0635574951128,0.5735459332332051,18.42551630176325,34.69375634798035,1.1145127410039422,68.97924100300534
DEMO-0077,B16,8.0,12.0,30.0,4.0,75.0,352.39475430881487,539.9582896127791,35.760573011054575,11.756509900083227,25.355178112851405,113.19763697447995,178.2052839121892,67.29952597107666,12042.577921614173,711.6665933458477,2244.699683008788,274.9675986305577,5.141344791483664,3.6130011312331876,3.271919873302294,0.40430638633482946,0.3915748639416171,42.1758511406513,596.5858586607139,0.5828576603873188,15.616659054540087,30.36095668125664,0.9162562018657704,68.82437280516451
DEMO-0078,B16,7.0,14.0,30.0,4.0,60.0,369.7907986892005,528.7895379606636,51.759475486625306,8.403217542633898,27.488138540924734,97.40985446008261,184.6595594167261,65.60661914995299,11682.638535122403,805.7860514041126,2283.713038045247,317.62406018511774,4.959705090051525,3.1258065327184608,3.5546899097264713,0.3713381101549408,0.3588793089010895,48.5116345963435,593.1762945370551,0.5799617751312403,16.26082339995185,27.969031418361908,0.9379736621242641,72.50809905059279
DEMO-0079,B14,7.0,14.0,20.0,6.0,45.0,526.2680386774772,474.8213382351269,59.44953505795165,7.339415776572056,35.39319460371172,127.13658392007011,326.1479487314108,67.5969910219696,12103.034246480567,794.3483566087168,2197.892309730293,273.5233021177291,5.343175614054227,3.6260938069427553,3.9107954035551207,0.3388804759715773,0.3953616544123242,46.15761672084229,578.4257027568988,0.6106352361756121,19.326450624685187,35.04337585570805,1.0818611034995753,68.85317839383312
DEMO-0080,B22,8.0,10.0,40.0,6.0,75.0,354.35225937834514,404.4571988592214,58.88587468259264,4.979622648473187,19.642794026167913,101.37833065293908,303.98379089534035,65.1354220878961,11165.606444403498,842.4402799579278,2128.64531299167,342.16430549625375,4.054823023400385,2.4911880055959257,3.4413011274947056,0.33580426162379906,0.3336373243185016,51.935660038849896,611.4106376391471,0.4921925602140973,15.58242129250105,25.21222867644168,0.8425276606137325,67.06597546399028
DEMO-0081,B28,7.0,14.0,20.0,6.0,60.0,425.88308327327866,496.85470245383004,43.799420248654215,6.547329912833199,30.769979491936915,84.38192411656667,142.60368828815842,62.839310817684556,12197.958549112469,749.8959695787354,2439.0430628918057,269.45949535215937,4.149041761215424,3.05442562881688,2.352842512950734,0.2095277984892053,0.30963396600892085,56.74662484007617,636.0350831072974,0.5340667876815092,15.971204931532467,24.679328472106185,0.93275852378067,68.99364655393316
DEMO-0082,B07,7.0,10.0,30.0,8.0,45.0,361.6061962845558,339.76325237108585,60.498516506781336,7.008843272113969,44.496831621682276,113.68117839898034,321.9503402750765,65.06691107066362,10986.776436198856,823.6064839249188,1973.3570125570088,301.0316623317786,5.096294091527839,3.5567687080133163,5.347818409425803,0.3473458097130306,0.45599605117525055,45.57269986920926,578.0124097265872,0.5768436921069128,18.89676145618376,31.76911423199798,1.0323600018391634,66.56549275866371
DEMO-0083,B13,7.0,14.0,30.0,6.0,60.0,423.6007110715268,549.6299244275042,61.44832220702335,2.639114281141429,21.13487248255349,108.10700477504749,246.34321436289702,62.78381896907671,11695.28341216634,762.1232159482994,2186.2440185730043,309.89397468465614,3.877014850265312,2.7121760965926818,3.127428480069553,0.25885338159427007,0.2753558579715673,50.854459984274285,630.5635240240464,0.5120029971775565,14.800995520998411,25.643257709098382,0.7946649229215235,68.57795467410668
DEMO-0084,B26,8.0,14.0,40.0,4.0,75.0,454.3722617167942,545.1891493103249,58.343009102885645,5.845900516078363,27.086764366982308,110.39904082464912,180.3883797603409,69.4800046056784,12120.64091615288,866.882627196492,2141.707255170886,341.16928374149,4.436603565902991,3.0179007083003886,3.9201362921233813,0.4425179922465607,0.36103328734315077,51.509814793275204,593.5992259896997,0.48346491096055666,16.540263482203535,29.35755350007774,0.9517211355391969,69.92365027012124
DEMO-0085,B01,6.0,10.0,30.0,8.0,45.0,339.217819779511,460.74492899737777,62.641566273967825,13.592520710258547,34.87615046002604,132.7994983676662,302.4747199019989,67.29608379701432,11942.58280877834,877.7343150941197,2203.483697468905,332.99995070353987,3.571193255889134,3.1488558802065185,3.7497952674397443,0.31685519844711413,0.3006732096124491,51.2461740658554,624.2621676942899,0.39560237278735955,12.955906006845,21.178987512863742,0.7701173396987573,66.8791836889851
DEMO-0086,B11,6.0,14.0,30.0,6.0,75.0,419.49582386720226,521.0278470356295,59.38321731259679,5.501958577969177,25.780801200090103,98.16134849423763,263.482254868749,65.5717995226841,12161.305305902448,857.3191175050173,2293.851240726754,334.3068729461648,4.214423934103326,2.438483963144422,2.712797494264145,0.42464394626490787,0.34296098079352655,51.76125871780897,637.5269392219815,0.46002233352255617,15.775800523892741,27.728119807649655,0.8812737598388835,73.63603348110864
DEMO-0087,B08,6.0,14.0,30.0,4.0,45.0,552.8564364723978,533.7049640192089,31.281172675431133,13.528663950079018,36.46821751444472,112.07961943469564,272.65343359558915,70.59371885732752,13415.380070921896,723.5607569062274,2337.677407393494,276.4462936605338,3.9085850244350535,3.6114740165128847,3.211174044269873,0.36555041289592954,0.36868929564798664,48.46284459283979,640.7944266711662,0.4799478418326792,14.362814158057247,25.618414151018417,0.806255260692043,68.51004106916052
DEMO-0088,B06,8.0,12.0,30.0,8.0,75.0,557.5189205856203,474.9787315033137,50.33159553828415,13.882451300717754,22.502939067161368,131.44059153339307,146.04239767716143,68.57046044423802,12921.612880532413,807.564685552682,2150.5799787939823,320.8629128237646,4.352956811287426,3.6382468859756503,3.8135264861995104,0.26789988231871087,0.39051280369994823,50.219487694256564,608.5628052877893,0.4557447919129386,16.63022235683104,30.167369266755053,0.9194929538497156,66.87357866129896
DEMO-0089,B25,6.0,10.0,20.0,4.0,45.0,398.39654876896924,540.8974261103904,47.57261231909074,2.1930689953881335,39.805391658604165,86.79356056356835,182.44684895493793,68.72862088435944,11425.236244368813,698.8352272495922,2145.2702937884,255.73650753293964,5.0361425032673575,3.6469865453773846,4.417387878280288,0.3648865482128794,0.3978780988637619,50.192667953904106,559.1381224951642,0.5500747515964612,17.227329023064335,25.70940841641988,0.894195350695779,62.56065110487373
DEMO-0090,B19,7.0,12.0,30.0,4.0,75.0,396.615355826272,394.922905051934,45.636939070681684,10.465377066346248,33.06556172997756,133.08504509997178,304.04707207590116,63.75109291945522,12024.81795687772,758.7205800322414,2116.9735001673466,286.59577056989394,4.537340392886896,3.646251570261306,4.694556691387615,0.2827439474161251,0.4095272711117834,43.99637138184866,582.8069215644214,0.48696783047512354,16.46153954030035,31.621711431718275,1.0514455542684105,67.44931859603695
DEMO-0091,B25,8.0,14.0,20.0,8.0,75.0,456.2373329218551,543.8501400980515,63.15720878024015,6.959958309694489,36.73673799204123,120.59201628933707,152.98465280536678,66.58611618666988,12221.003120179745,811.5327290305779,2242.211025985016,277.67135617468875,4.71857095800075,3.168079058666229,4.011019998761896,0.2966679672547993,0.3607339611275606,49.243952697410535,620.1859598673713,0.4929249475885718,16.06932713522885,25.34396943544836,0.938212982716721,65.91506478069643
DEMO-0092,B22,8.0,14.0,40.0,6.0,60.0,344.45602588836925,362.49332413274624,38.81865824746855,12.138592950366938,39.83792101475791,88.40550970538514,295.24918019179665,65.87717700671546,11751.617030630912,837.0229750872588,2281.078883842263,308.5036868738346,4.4803379470407565,2.9207032563319606,4.211131393740676,0.2798041668660336,0.37650635623012824,52.29582405004172,625.2471209656875,0.41716134312495773,16.837764990306784,24.686001978633502,0.9190188158532426,68.46175445671875
DEMO-0093,B03,7.0,14.0,20.0,4.0,45.0,428.26057989184255,475.0150441372399,46.65332488328834,8.438272126563577,25.552222014481636,106.92041791350022,187.00674796872525,68.09863969020242,11826.602845241288,771.5414273684396,2252.489273260227,302.0900827487386,3.1177569154397156,3.0128465860859137,3.054983419439356,0.35800196744369717,0.3101022585691417,56.490730229012506,661.3542178592863,0.47622732207382,14.172540962578093,17.306741978675035,0.8131461823242099,69.92221378959337
DEMO-0094,B18,7.0,10.0,40.0,8.0,75.0,323.5091184336551,557.4632213114241,46.71260204418586,3.591993058036607,41.07123912694979,123.73481914000601,312.80079472959494,64.6403262774227,11239.243169724876,745.4676557771264,1989.4213571800437,297.7849543090928,5.908059231142382,4.12194658395419,4.993395592150362,0.28621074463587876,0.4184588100202736,42.87014604034394,576.0269689629628,0.6178575524459874,18.370592058581334,31.747631740589394,1.0632645018273148,61.114688300313716
DEMO-0095,B27,6.0,10.0,40.0,8.0,75.0,383.64185991074834,556.2682396857614,63.49554227659936,3.342049322961054,25.23995048075247,83.32651036770203,158.27093535837548,63.39491861469048,11643.47519431837,845.0661866336924,2309.5678502766827,330.02084019516093,4.611964935344906,2.7382810038212027,2.7168921999039317,0.3120056663000151,0.322892932924218,51.568216979015865,564.6359291755781,0.5332383801692389,18.082178611476344,25.403441314682215,0.9446686614579736,67.62507604696545
DEMO-0096,B12,6.0,10.0,30.0,4.0,60.0,427.76235577235224,352.18513086719184,54.72035858744766,10.721602616993888,28.44311757086448,104.25521250420833,233.14124193844316,63.477495220247015,11567.14002331685,844.3955767110914,2081.7498308272766,318.38726298622913,4.9530541961363586,3.6760359051059788,4.540576058272833,0.3684019775319007,0.4065983430583023,45.56902550617634,602.8792949726438,0.5890953288602571,18.152669353225946,29.57654311130384,1.0287971356344183,72.1613320387715
DEMO-0097,B16,6.0,10.0,40.0,6.0,45.0,473.82600434840685,448.4500488249313,33.78453766686324,3.909393242921839,28.59687024702735,129.3683471946005,151.75866299717921,69.32061465267225,11486.0228741738,700.4380916253979,2061.2977779425587,259.21588555450035,4.652521403598669,3.909627900886039,4.108082572768046,0.3568498625273574,0.4029167289547427,46.72665890538218,586.7048771129978,0.49655439057463685,18.228359743260384,33.076107273584014,0.9880043189139959,70.81413225305688
DEMO-0098,B18,6.0,14.0,20.0,6.0,75.0,321.39801216518003,450.62482217037456,47.45709144299623,3.629346736136611,32.102892024547366,92.11443863881834,116.98481217733692,61.184936378255806,10678.099094591682,712.6445722467805,2100.2807191257116,271.13907312021644,4.643342015178172,3.5340515015639564,4.334456998368443,0.3546855194033863,0.40795609025231255,43.64748889868338,606.4564502606956,0.5399096348974892,17.35765656499032,31.506213851649047,1.006526103235323,72.93687547277683
DEMO-0099,B19,7.0,10.0,40.0,8.0,45.0,448.33576421535275,535.7678458573082,53.12075635090122,13.056389284702862,38.177602492911134,103.16747174156556,128.60340645125655,69.18133635218754,13077.853061719623,853.9060658194444,2312.922975971443,320.13793449283685,3.4983587669767786,3.278337791209335,3.364243654598819,0.42807182647175024,0.28993321417681606,50.929420889718,642.415947446136,0.46313119927353197,15.396927873438084,19.70898953471607,0.7804296521866795,67.16669183482769
DEMO-0100,B25,6.0,12.0,40.0,4.0,75.0,468.59071490757844,419.3728466117006,61.48603298218667,5.045395833858839,30.573304890621788,84.09755804772638,323.1141376814134,65.58321172731303,12245.975402639564,847.7969295325515,2356.869023636889,318.8737588534397,4.261908970616548,3.7508193275370765,3.832020883884804,0.3128061276278916,0.39443583122222564,46.30376108184149,640.2034411070015,0.4799698120812372,16.307297600508,26.76290880153669,0.8316744090654521,72.29530668866285
DEMO-0101,B18,8.0,12.0,30.0,8.0,45.0,335.80730572047844,490.0579980699255,57.047973406103985,13.99962264411203,31.539710622558474,117.4538936040575,151.2971154313101,66.95915705699029,11743.9976933327,863.2246165621484,2171.5972478072676,330.45663479331137,5.038104250588723,3.2129273659945237,3.5372179904663774,0.34649082445632773,0.4102259345855772,45.01562308112939,602.2177917860399,0.5781748294745962,18.21262057135467,32.21318320372271,1.0490241944848882,65.92267136683398
DEMO-0102,B07,6.0,14.0,20.0,6.0,75.0,383.92120441539123,422.40736746570633,51.58423230089534,10.279592852121239,32.659451933881485,122.22437751049895,237.39899765109223,66.23742359466989,11253.776665181686,746.8103926651855,2051.481648398265,280.9194779113741,5.29936508735583,3.960760055536359,4.698519601326358,0.35581817106963115,0.453738870217731,47.83439175719694,566.0200820865236,0.5482515549031367,17.84927144564286,28.695466039865856,0.9456157868398463,69.10155407194009
DEMO-0103,B13,6.0,10.0,40.0,4.0,60.0,461.3701054602983,519.5023397739667,31.609608495004572,2.479946112166509,19.81814036799493,93.62050902374992,106.46403167438069,60.387239034067804,12058.776624085001,712.8166813851852,2252.7924022068214,296.85471547869236,3.8126871528587483,3.599988868432307,3.6343293534388117,0.35442993670752365,0.3635007745343007,46.74224646564906,625.8791053543117,0.45155995406033717,15.396785765728533,27.753746316328982,0.973967908097221,69.35569933470181
DEMO-0104,B25,6.0,12.0,40.0,8.0,75.0,469.6188062593958,340.5919570573375,46.393158860060524,7.874073334467676,39.21446981968019,124.82448581468424,198.85859954839256,67.90643136546078,11328.935959095705,731.3091301239133,2156.888515433908,291.33011905796104,4.955277413423818,4.027736676531012,4.018332229600467,0.352461830836312,0.41161694473846505,50.20387549358182,573.7437220926653,0.5846030519177836,17.596103310802622,26.738259697214776,1.0318899525950085,66.17645857997397
DEMO-0105,B10,8.0,12.0,30.0,8.0,75.0,422.0331265533765,544.4914256240814,40.7100035959712,11.054854630454358,26.265366304442868,127.09999407019923,311.9390451807599,66.69375513211818,12438.850317511862,761.2127129607509,2226.5711911123512,298.18668191768944,4.563711676541302,3.959081792723168,2.9568260335531393,0.25077073298361463,0.3547689299909795,48.2776229237486,574.7967423632495,0.46504111025489336,15.139856731317193,29.457311719941885,0.9764054684404843,71.88437439075659
DEMO-0106,B02,8.0,12.0,30.0,8.0,75.0,427.09526288855716,544.3185269481978,35.29258556264446,4.389969814297519,30.82812880199281,93.11767524597369,101.06093121657334,67.39768328439202,11650.32742409808,662.5017895299904,2144.6089968732445,277.2867683969786,5.198872233700349,4.034890991459636,4.700805546662078,0.434769619135092,0.4636480367907351,41.834824492922394,593.6303576081644,0.5604054230494141,17.836659108865497,34.3623091504051,1.0887178865928275,73.2742518656054
DEMO-0107,B21,6.0,12.0,20.0,4.0,60.0,431.3959845817836,416.3454773733231,50.22607761794875,6.185978072820927,31.966654505769128,97.20418913558112,295.09714057766905,66.44973136206242,11383.696425727274,754.2792159731017,2195.4957927534524,300.9582803974554,4.068858023350949,3.9220915149421605,4.1339790877099905,0.28762824372046114,0.4042583229793744,53.62332584817312,576.5704648537036,0.44584580463423595,14.639721081322646,30.858307381115363,0.9113733053845671,73.26194329731354
DEMO-0108,B15,7.0,12.0,20.0,8.0,45.0,427.9666068052319,526.9871429835528,57.45251248624878,6.1393796339925295,39.43896828441652,83.8779501924791,156.01531111870395,67.63073071736744,11853.375125986802,788.3327562004429,2302.4582614975834,299.0566625694317,4.457066103680316,3.0441614970336444,3.298265652888014,0.40683302248493874,0.3476920325137654,51.28260170721912,614.8070981989538,0.5290495764523979,15.418781914431175,28.670607914101502,0.9630747017914117,68.64304223446496
DEMO-0109,B02,6.0,10.0,30.0,8.0,75.0,372.398578029485,350.859653910466,43.74793583583049,3.1445176001230815,41.073711254275715,113.6907576452344,234.39485258838306,61.00060135248641,11004.723752763926,699.6664335311337,2167.7727574986548,267.0730820004499,4.200541993057399,3.6011119873594377,4.336608241306794,0.3092043473981878,0.3680753682484703,47.41456050821667,608.5058513635973,0.5119591552095618,17.48035028221207,25.433246355812038,0.9099331583767298,67.24243883321597
DEMO-0110,B01,8.0,14.0,20.0,6.0,60.0,502.9337450408999,383.8337073008379,52.822017397777145,9.925705550574493,36.56178053329998,99.34300704598178,312.2273857272934,66.44074432072625,12198.106593799943,781.1186879413167,2133.221265850453,275.9904889462935,5.002929763961555,2.9136346295146263,4.089319634577592,0.3014729407332855,0.3850379365335229,46.76508100102478,595.5377804039196,0.5193359055446151,18.252341249496432,28.498509480502168,1.0181941523948723,71.44783563122107
DEMO-0111,B21,7.0,12.0,20.0,6.0,75.0,537.8157069963947,430.12674195380316,55.010467207727515,10.210588596161355,26.784857179035523,122.05811654463446,184.8889031243766,69.78649613377974,11927.924613986017,799.5830810288445,2205.7362722472913,308.7083088256677,4.5205846204381945,3.0349153645582074,3.3232687131960703,0.42396888594340687,0.354600948403656,51.10842885898374,628.6278053129765,0.4372657222092954,14.651320366465043,28.313795921615704,0.8755908011709413,71.71056214674122
DEMO-0112,B08,8.0,12.0,40.0,4.0,75.0,497.3045879260985,455.63835075473486,47.47849314247493,5.731173574211935,21.46264724271765,114.60768939297988,106.6479899872346,65.80139972021975,12128.152430476443,800.9041370309006,2251.5795564379646,334.2086562320068,3.905332037301847,3.4554720721953505,3.2545370168405223,0.3282330904756374,0.30545266433717505,53.240050512823885,602.6290800238714,0.496849375984526,13.765808799374273,21.836538273220544,0.7936334299670429,71.04800525622575
DEMO-0113,B14,8.0,12.0,40.0,4.0,75.0,475.3100171770841,530.5041522887102,47.418529314207674,8.52743770386834,18.24700676878644,103.38710534302815,297.9035370666305,67.05039665050103,12477.554547246771,793.4911331801865,2289.9134358874394,340.8979989913509,3.7380904307955047,2.2022014822933267,2.6911090759056626,0.583988597477943,0.305714132222589,54.1907487026181,651.8556576562206,0.5165672697127388,12.9995133689375,22.513992911467877,0.8100299797020687,70.19396821756091
DEMO-0114,B11,7.0,12.0,40.0,6.0,60.0,360.4505921256135,557.5650839187782,49.33494372353499,6.482855163798321,35.439497787308724,132.0532740352179,326.5478285404298,65.73989333491419,11800.387544542498,753.1770491501662,2061.359727247346,299.1208558274035,5.4950817948384705,3.583749217664594,4.023232650496527,0.30955659108640937,0.37806112585576496,45.264569145606416,605.1941503460896,0.5305363782033706,18.0376266644868,29.68513737279108,0.9617988009942064,65.85223204768175
DEMO-0115,B25,6.0,14.0,40.0,4.0,45.0,389.6267188690163,379.12684337126814,54.73082383913835,12.567389158146913,31.85898510857364,113.08023290004786,106.90108184274548,63.68120978667455,12001.783642397302,854.690656629337,2083.537033938089,337.42560064383815,4.39914449366763,2.701152496600908,4.693977282855011,0.29293366030682766,0.33311227359102563,54.169035403397,627.9949869079248,0.4908132658233129,17.20231608032538,24.179032708527636,0.8991669825060001,70.58683330830776
DEMO-0116,B18,6.0,12.0,40.0,8.0,75.0,328.89535219562225,512.6285166489397,58.18914444302835,11.694443389878614,24.58072438518539,102.00485198671839,109.70817589115475,67.54302141549593,12056.19348253646,823.936559697695,2223.5137018983396,320.0682103079783,4.922255902329187,2.7508968106500498,3.8015736360686936,0.41100158754870847,0.33905621666786895,47.11587247481497,601.5858227352696,0.5799990924814695,17.22662695368676,29.219780349828465,0.9074638321594913,69.17670444301045
DEMO-0117,B12,7.0,14.0,40.0,6.0,45.0,340.84548069504694,403.26458018076835,53.741912223045986,13.319705529268363,20.129112307756145,112.43469881108241,225.90150608845468,61.39904838621051,11909.887779235663,867.3625961096939,2163.0063089520045,343.4030009491463,4.104861166601916,2.792464657488762,4.29175786004771,0.4630703618327366,0.36298483830892436,54.28383001398488,645.2876092395331,0.4762838730206395,16.36387811943342,26.335747052597934,0.8444385221831844,68.76095914167058
DEMO-0118,B21,8.0,14.0,30.0,8.0,60.0,399.3830151696323,517.0153423848358,50.70900399041075,4.084089287941411,36.44136044667733,122.86452619834338,230.8161755951321,67.60480768824122,11424.567040586118,762.7680745436481,2166.596089535882,283.8159591971863,4.72435911749661,3.8300630527789843,3.71025643286244,0.3194928627921725,0.37703590507251566,50.95198650003604,591.1674588866009,0.45396886708018336,17.29544606702455,25.04567809466814,0.8368409678492803,69.44958151925609
DEMO-0119,B07,7.0,10.0,30.0,8.0,45.0,447.4003336323225,492.2350980875484,31.999146097645752,13.209098217000072,30.592293359583742,120.03878816944137,327.36596689651515,68.8677028145327,12538.165245717977,654.2590650411544,2214.4541155230368,274.89797567517576,5.133880737877005,3.6426101986626644,3.8398681235386434,0.31443055445742857,0.37425116147162296,45.58349348600687,572.92035612716,0.5212255444847583,15.083069922876984,24.00565675191998,0.8125016204240241,69.97892571319285
DEMO-0120,B06,8.0,10.0,20.0,8.0,60.0,409.9925820037054,513.5033579306705,53.027992792174956,4.898150774218729,43.96046340351912,94.99258920100115,105.15390053271706,63.29619809650992,11388.304788869431,777.2380795492772,2192.231826329982,256.99428058364236,4.7621030966119315,3.542577424885061,4.979945674974129,0.2795559060298897,0.41675986544594984,45.28891676727262,600.07162660786,0.4970865245623678,19.148069539665673,30.250963704744507,0.9910649486730967,61.28586729023834
DEMO-0121,B14,6.0,10.0,20.0,4.0,45.0,528.5549974174692,494.75301940159204,60.245445032141724,6.508166853002715,28.475724425907185,99.03895054231721,267.20356824267583,66.36031313533472,12529.994359969302,876.0090050270435,2336.5015038804936,324.8889727866569,3.4532351796112044,2.8373030336211182,3.271295104100748,0.3156684947244256,0.2981024133852745,50.85039800587351,622.1947485258988,0.4008353306742429,13.242956651883308,21.40615008698774,0.779545552511957,74.72013966219615
DEMO-0122,B02,6.0,10.0,40.0,8.0,45.0,448.37308703003146,357.53903822979646,56.54555408647665,11.109198916677348,33.3158572323203,91.13128394414993,102.17628678878822,64.97573983342224,12058.877896182054,879.2382992151752,2252.25451684513,339.3018544336644,4.596236573410939,2.93856149112262,3.9777527558140817,0.48739635132101466,0.35907806179197393,51.19505120889766,617.9654444528607,0.5091021823241145,16.48597575679149,24.559581880827317,0.9677152804937149,73.54657607626072
DEMO-0123,B19,6.0,10.0,40.0,8.0,75.0,515.604747607725,349.0303029965679,36.80629410087244,10.706961010868323,43.384156128000214,115.36105352834583,220.05332100857564,69.64784380675962,11676.41127384874,711.591366418757,2165.1685759605352,261.02807482028896,4.90558139295172,3.7196432626629323,4.929693547698156,0.2723282969337128,0.4202872128137834,50.30503544324882,596.8515532007339,0.5334718135531422,17.060135883310924,31.694239245893876,0.9939525488262355,59.706645243952096
DEMO-0124,B24,6.0,14.0,20.0,8.0,45.0,460.63102475073936,523.4008359388564,39.00490924721406,12.433864960791293,36.60028625359648,103.3159699319291,128.11868650969646,67.34182080365406,12630.959600517925,769.4037110677652,2354.9670417707084,284.5338910900129,4.172855999427322,2.7866157557468734,3.4447859463220483,0.3550310497386953,0.3465602041228613,50.60796309743219,620.813766302758,0.44017830780111883,15.239775496227706,25.783239420491114,0.8761740893610767,73.25619621684716
DEMO-0125,B18,6.0,12.0,30.0,8.0,60.0,335.326989135345,516.7463500061897,35.55898938404289,9.167221915792307,24.0612866608748,83.08055276712177,116.92580791818466,63.614642343633236,12009.49482878976,751.2619231090002,2325.8077666479658,292.28084304259204,4.272823366587636,3.413504944665985,3.0552131034416554,0.31458379005163517,0.38370676255663005,49.66739549177483,653.1042834371685,0.5618468822245352,14.687466751107248,29.98026767907962,0.9965365182054255,65.70838743639186
DEMO-0126,B19,7.0,14.0,30.0,4.0,60.0,387.6756844785808,539.4612810440588,38.91260638758878,5.320151115583402,19.989883664818272,100.6273475371678,250.77884321754533,66.41579258017413,12108.41413343323,753.548870892574,2334.2181179155436,289.4899894360925,4.473085053207808,2.6415668801805317,2.660834248548577,0.26442616536688013,0.27932107497348174,50.59981521935116,634.8911022011217,0.46056510795848166,16.15228502390726,25.020529504155096,0.9689918746584653,65.03560831818356
DEMO-0127,B13,7.0,12.0,30.0,6.0,45.0,476.2455857252585,521.6588452718681,42.9618429245469,6.161652570326932,20.027822725485354,114.07579703872392,153.5958939152278,66.93140335350495,12506.576209742518,751.0887454811557,2334.0296703439813,302.29073178285165,3.0456005225103597,2.699252150971207,2.849833192565667,0.3263029223994184,0.28563723960960874,53.12535431323428,663.9389537899098,0.4663600073056692,13.967985618723352,22.649316344776512,0.7554224188667799,64.16328535507033
DEMO-0128,B26,8.0,12.0,30.0,6.0,45.0,348.47407690393743,342.91138281519716,45.11490650237366,6.3777442292201005,35.08954854268427,118.87692052337812,338.79920210348916,62.331156494328766,10973.017878754883,730.0379322278402,2010.8390709492148,276.5748311269151,5.463403014980781,3.9370558885968117,4.73947826929235,0.31408297435024457,0.4578685100223098,46.5182389532736,579.2363966891844,0.5906307198227806,19.264605276207476,31.673727645827377,1.0727963419664355,68.54334280923479
DEMO-0129,B01,7.0,10.0,20.0,4.0,45.0,428.17434732670876,559.6890725170438,58.320152638560245,11.926866449459634,33.68676791487077,97.14801560630787,307.83340175571834,68.82853951848476,12595.047241891807,800.6069915485521,2300.435727882056,283.0449565406074,4.303359865362476,3.0596512752356193,3.2810634351028876,0.42164352952210044,0.35294108424070064,50.850259321494306,630.7002435534641,0.5466301276618185,16.649694576214053,26.996528252314658,0.9266276247045354,72.06229513040894
DEMO-0130,B07,6.0,14.0,40.0,4.0,45.0,539.1626822292183,462.0778330287974,33.91566515051241,4.404479480952925,21.587234461865616,81.84999997603578,180.42344216581114,64.50080958135356,12557.772263866975,717.3772630811688,2379.6877209738836,305.5533155888093,3.221997385283332,2.920042108474728,2.5941585620271086,0.42837639678481176,0.3004714108405006,53.68859113127499,667.2709372086199,0.41894496071359794,12.48951075734571,21.282477200329403,0.777499313165016,68.65858067182235
DEMO-0131,B07,7.0,12.0,40.0,4.0,60.0,515.7557107027942,392.3537224050289,46.96874315053102,10.155490802057631,22.139136423284118,92.54566335068995,271.5957073437307,64.51503831487811,12078.20858460027,824.6549968952289,2173.020461372765,336.80578585052666,4.695331700931671,2.9836334719576527,3.3890990068664215,0.39611136125585,0.3535323853784341,52.304788672193176,618.1969875205774,0.5353622625232322,16.98953402286151,26.900261387742972,0.9417129383057317,69.07181788015374
DEMO-0132,B18,8.0,14.0,20.0,6.0,60.0,391.5058298251254,332.2118369378528,41.197952538419145,6.441814005380119,34.616859733531406,120.95842505831412,277.2392431640794,65.47448592178534,10956.16516649636,672.1573601009416,2023.3773618769226,248.0708247608847,5.560239335986405,3.7895036649182945,4.666299205578146,0.4247456651457814,0.4230299383384418,46.75976889131381,594.271141839148,0.6329705548676879,18.203865625139958,32.06242360108949,1.0287585285551453,71.6004720600586
DEMO-0133,B06,7.0,10.0,30.0,4.0,60.0,323.9064550204878,548.2355716511671,41.57716461254076,7.665401242957199,44.91647231813002,130.2123315643277,253.64498185830078,66.01011015052991,11289.779335808287,666.3576060396183,1983.1654339332244,247.46517060110344,6.242100885382948,4.309425598617597,6.1317945959666424,0.16528020642703078,0.4711326554853981,40.916037205412714,553.676798230873,0.6268344540973173,20.77429968425738,34.71932297979022,1.1502667004781195,61.09200073808483
DEMO-0134,B27,6.0,10.0,40.0,4.0,75.0,389.6174264953005,475.20829921688824,47.962379974245664,7.193314901937573,35.87308083500049,107.26309933626558,339.2165120935531,66.32112614467948,11818.77766342914,766.9317325904433,2228.145056709134,293.59743589276803,4.410579265815936,2.973362549588917,3.472926320922356,0.32710585741555276,0.3439634774223264,52.31250653554815,611.0595296698168,0.510846689688936,15.791706482291303,28.548975357576662,0.9187480388743186,66.06140786615242
DEMO-0135,B25,7.0,10.0,40.0,6.0,75.0,446.50324219164384,520.9556698808824,40.34770439633917,13.461344234782764,39.495618300277854,93.76806187509081,271.237064322459,71.40873218093951,13039.598388017232,775.0117067597673,2405.5379973241847,286.39395439468126,3.528640278501405,2.88415124715329,2.8740125346723087,0.3730827055534057,0.29283680355074754,51.48982060588301,635.5572328717077,0.43542223222324966,16.40632450464456,25.487047327621752,0.8598227357484386,69.5967479317636
DEMO-0136,B18,7.0,12.0,30.0,4.0,45.0,364.2338100966094,497.5423765789923,50.159369213680364,12.3497165731029,37.044924456017704,82.91233097574329,246.82992690594222,64.3279698028198,12088.336987778177,800.2100445803195,2328.5107449727425,284.9050111303605,4.240803854900671,3.322304169054965,3.5763476770929876,0.43495672635613397,0.41094816887331237,45.98400968757961,597.6016997532082,0.48292719581506405,15.715096254865651,28.640574289580133,0.9444120025061803,66.69549586431397
DEMO-0137,B24,6.0,14.0,40.0,8.0,45.0,423.9284240375733,478.9327976718067,52.62650880912603,6.082949577492986,26.793572648150416,105.503633024126,194.93048234089443,63.16532236293166,12158.079830945235,824.0964338428961,2200.8564354993814,343.5187166163008,3.799285285615115,3.3931680897026486,3.5422567412008776,0.4561843599885024,0.3651957036501678,55.29512668438506,617.9397675656567,0.5233622839126082,14.498908012268311,24.86545807233577,0.8151321814425369,70.04071234410186
DEMO-0138,B28,7.0,12.0,40.0,4.0,75.0,325.61476891806063,386.9933964124144,33.00607860323032,8.782646848869275,28.283680260843774,114.77307720000562,257.2934049223206,63.82869147694189,11445.575331708635,746.5460683549285,2129.950817904569,295.2259253933686,4.592696054693173,3.279514785229504,4.205738628631771,0.3604260114190073,0.39597671347697727,46.78325093577007,585.9470354148485,0.4919153235342016,17.555893241805148,25.213665123093495,0.959929254373128,68.96964083934397
DEMO-0139,B05,6.0,10.0,20.0,4.0,60.0,473.01095653842174,542.4898168059726,47.36007501050818,2.3606894323552963,35.40132599525323,109.57141337306906,310.4481031847146,64.2180344803364,12016.324909535084,684.345826967697,2307.064882897729,237.28760978531307,3.8888547688506465,3.5406177025862986,3.001416028556434,0.3110304113536316,0.35005027557087126,49.356931241162464,644.5792174352066,0.4951482613050522,14.613733982271988,26.04720552237194,0.8660755329561969,70.53664487322716
DEMO-0140,B08,6.0,10.0,40.0,4.0,75.0,341.46649436616093,409.6467878992789,53.628056661341056,2.881134201225278,41.02037560214451,91.80554785846779,233.4434304085537,63.39626429746755,10685.204384419876,780.582518150827,2096.805307431934,301.5605230016308,4.406893775826207,3.133013482621047,5.21765074367106,0.2819369195871788,0.3628877064313919,50.11284789217154,589.2846258641661,0.48479583764514167,14.270422788505314,28.848832618732402,0.8864135304512225,64.06362296003434
DEMO-0141,B19,7.0,12.0,40.0,8.0,60.0,528.8937498623541,320.5861991647108,34.585205972048705,13.788129200142084,39.52330387760435,104.76649627694627,166.7899310565943,62.877389973507505,12047.95462768732,713.3280987164217,2346.3197885417194,265.5205648910981,4.909857460489962,3.1621829068277703,3.805482848564093,0.3501877354305164,0.3773593383417785,49.025530386703494,612.4795668482968,0.5835677629683742,16.150862622130738,29.373949037237047,0.9509275860064758,65.96484305507589
DEMO-0142,B22,7.0,12.0,40.0,8.0,45.0,337.9748985258812,429.7454373766544,60.45823363694372,4.407176502611893,19.865141803054932,118.39687479483439,271.46513685039395,61.19973378063374,11140.476106351674,863.2509667023181,2161.1599668860717,351.01854339214185,3.9841178628496166,3.598232286713067,2.832164684957924,0.3815715543883824,0.33936842989874694,51.73594242292203,658.4873387231012,0.4678393874880983,15.743061661043015,26.75756487605976,0.9456678801872526,62.65674581678627
DEMO-0143,B12,8.0,12.0,40.0,4.0,60.0,407.74688327527133,371.83852810754087,40.65906895680482,5.551488415642766,28.097852957665026,92.66496332839912,190.65151932802738,61.89375252306774,11498.505407155102,773.6726129621504,2189.8232561040136,297.89002265671894,4.413278168913826,3.197711944145899,3.234025334349541,0.38466660084379567,0.35770103983240525,47.50986613519389,618.1320312029793,0.5170112060488969,15.721185552342412,23.248428620294597,0.9512347400489487,72.87811980666518
DEMO-0144,B14,6.0,12.0,30.0,8.0,75.0,499.250453883811,525.3927050896402,63.972293715450874,7.439127505889601,41.871522937456575,104.19677261803736,116.59250301415274,70.7881187659314,13004.239775532342,835.486623227505,2249.2190210872486,311.29905504644677,3.765878917718916,2.0427758569758745,3.489128924149055,0.285156053607024,0.2802227634749891,56.12806221604565,619.3852880441966,0.47294990643264284,15.421992617094299,22.182882108999706,0.8959355749504662,65.79498133718639
DEMO-0145,B13,7.0,12.0,30.0,4.0,75.0,452.88220706744846,454.5567903067524,52.017269096065704,12.521700885717106,19.936014722616875,116.35513800506936,114.24086827516038,71.83747908126487,12542.692438874072,843.8376977713641,2351.463414128611,319.1125238806071,3.2435710208322903,2.6312959907159703,2.667163380167048,0.4099075164681578,0.2907510500449701,52.081971657219476,636.8292455744216,0.43776531385954853,13.350082237845815,23.18115013436697,0.8652491637206942,66.7454406209226
DEMO-0146,B07,7.0,12.0,30.0,6.0,75.0,344.6472229489937,408.0133431253779,35.726752637241525,8.092248882207432,27.758035551152084,132.11953377756436,177.73814463661336,61.42143103234228,11227.782643502102,692.4377395303468,1968.8656264914534,270.6794113339789,6.072303638306072,4.573623472611558,4.9396432812996975,0.3132748189253638,0.4962187200705057,42.78492944938959,591.6999446789907,0.608293352707754,19.882331391541243,35.79019723428453,1.1365889337664623,67.95384865066765
DEMO-0147,B19,8.0,12.0,40.0,6.0,60.0,521.9223892550481,558.3861405417484,42.71446404146893,4.108209191083681,27.824402302796003,111.56558705261386,198.68080334886972,67.20274160631345,12735.47006825512,711.8839272087667,2302.396324718402,292.9650835518107,3.902840042218412,2.509865585681394,3.0072653833681047,0.29297535414473175,0.3258171419569497,56.14190208205665,649.5119388310679,0.4988642295377273,13.852212539211923,26.125743713592545,0.850410408210496,73.16340620661809
DEMO-0148,B05,6.0,12.0,30.0,8.0,45.0,468.17911536773,523.0423573833699,58.10407767954369,4.328179611309091,26.841157611527276,108.53589537492091,115.93868431522104,65.73909722027949,12071.36479218008,806.3805485714317,2258.005218449555,313.57284866122797,3.2949014192781996,2.736576659404577,3.2766228312945045,0.3724385807582899,0.324449481325705,53.63758449452576,666.7396877579129,0.47040108622348437,11.7945862109443,18.364176073467366,0.7127250706060155,72.47069634012367
DEMO-0149,B03,8.0,10.0,40.0,4.0,60.0,337.4099128484088,387.4890484110224,30.041779231323517,13.690485014512852,33.844839398358296,133.5781207661162,223.29933394454247,64.24080389859694,12074.339527538514,703.1467718266465,2134.0173623854075,284.82067558467287,4.823428413867365,3.8276447448694544,4.745698812690787,0.32223384250844717,0.4317726819999009,46.630956223652994,580.9884374214915,0.5721597682077798,18.08766995177158,26.960552860718348,0.9758773077411013,66.94672314293912
DEMO-0150,B07,7.0,12.0,30.0,8.0,60.0,358.3466898579012,349.1572957142176,52.70840540081697,5.458268757754263,36.79081222509539,81.16255204183126,307.82913158749955,63.18420496401605,11213.435015780959,805.4773435654498,2299.2647991722056,292.4234655609394,3.374065359988981,3.6207856797598525,3.4600395021523314,0.4067227731667169,0.3478370262966251,51.37871020528035,655.7255724962855,0.4466889707694272,12.00028469859774,23.274526493433427,0.8132795724671208,67.84755969150827
DEMO-0151,B26,8.0,14.0,40.0,4.0,60.0,320.3211246137032,455.4877244247484,44.346798484346806,2.5037585853950897,23.807317199776364,104.3606161710892,212.34699505371742,61.72409285689741,10741.42045541576,751.8469938879787,2110.2127181352175,278.2250615993248,4.137964182061247,3.112821543281371,3.7971900791728377,0.3037857565989216,0.3325468883800923,54.08128960534576,610.3269208798345,0.5173468359850154,15.403552548798197,27.82142920605605,0.9277668124778392,70.87844040734608
DEMO-0152,B21,6.0,10.0,30.0,6.0,60.0,494.39362925159196,553.7202373947223,44.72343965118392,2.213212390866251,38.64225163468562,99.77174578569362,138.5276060614964,65.83088754168048,12040.815151390021,717.0252692021057,2215.0451004640495,292.08052595857436,4.060952326825182,3.659937738349646,3.2244556011846552,0.24523041116570615,0.3430528203924615,48.681948160317944,635.5481574711775,0.5739908119291544,15.444472872228664,26.746887953952594,0.97163112651169,68.40760839198481
DEMO-0153,B07,6.0,10.0,20.0,6.0,75.0,507.8611712454496,439.52614119335453,63.88724940559837,9.621975334005535,36.92679564985581,122.05566813766201,281.7268141966452,68.25554123075774,11953.231780328142,813.0175480504134,2107.95381437771,292.146916791128,4.431750943559857,3.024957834289811,4.000527339515746,0.42251988352040404,0.3741001386367551,50.828935867005406,608.6211526231818,0.47511119616758957,17.827995013965193,26.27883508817085,0.8842518450945888,63.223184332453734
DEMO-0154,B13,6.0,12.0,20.0,4.0,75.0,366.68636947701134,544.7395549787179,38.51810041357319,13.894266446747542,30.428470849915467,100.46643751448852,334.94172308352887,67.83605324396142,12298.840071484385,720.7356338022443,2164.7757422486075,281.5857214901927,4.845358534381351,3.4009706199260763,4.059104683161841,0.43712505454493555,0.45758477819966975,45.102438735586155,603.9197268877398,0.5180787308411244,18.08848576031247,29.114826781128443,1.0493143097883013,74.8419786592233
DEMO-0155,B08,8.0,14.0,30.0,8.0,75.0,516.0154698740032,360.86087614894404,60.19501142635188,12.033857380468831,20.790940420639124,101.63973277702098,190.0060729133537,66.6925359262046,11881.079273047464,862.4678627610745,2259.8765568215836,315.2138358225853,3.9219787586068753,2.420999517525224,3.4280127202006363,0.38789310082302186,0.3201107128571848,51.139710247818456,628.652438839642,0.41031608520032464,14.52592311012472,24.443412493024493,0.8347410741827985,71.37346295296622
DEMO-0156,B20,8.0,12.0,20.0,8.0,75.0,425.50678853952377,503.9756911622894,46.11586616032447,2.4283939480530385,36.259995545649915,113.21794364846205,297.4469764083241,65.15071841333754,11448.908996196984,665.4410807857073,2135.038539020821,234.96319352498986,5.172124891855889,3.6157825042351086,4.858845428234137,0.33787816519255304,0.42511471984547894,47.9172457440103,577.1376001488619,0.5905101015415075,18.18527832912159,30.918071181908743,1.0575077877995347,69.48193009027331
DEMO-0157,B10,6.0,10.0,40.0,8.0,45.0,531.554295160258,361.51257132919864,53.49888099008602,9.313975789300748,18.44567420713554,99.80973714871047,315.99330643575195,69.07389486673814,11978.670138865016,849.568802050118,2302.2922243623184,329.60592618161326,4.118030071317103,2.520175403406494,3.076247161581904,0.33582512920930224,0.3404620690429857,52.90517920006116,670.2702370356626,0.47131879950241135,14.289688661248961,25.40339477234496,0.8559719444832893,66.83802414761294
DEMO-0158,B27,7.0,10.0,40.0,6.0,75.0,442.63281583825534,448.89068916818917,31.24831952148086,13.759180318015503,30.561181926105903,89.15067181628363,138.56629381385255,69.41811594075482,12811.092946741477,766.2648272681884,2347.643747563392,284.913545086415,3.7999923634143946,3.0204851094102714,3.526022512742284,0.47034287084183235,0.3124121807371766,50.77927146414613,666.7013217226047,0.42905628523387146,14.812661187562897,24.637273121626965,0.8677817763030313,72.78261920043998
DEMO-0159,B21,6.0,10.0,20.0,4.0,45.0,369.3562292990544,523.4726181662363,37.38417329721179,4.640345377113242,35.95844754724678,86.61098451747944,211.9807042119091,65.13708051402489,11538.670379515992,665.8098250265876,2276.3682175486174,280.73983794589185,4.629588725431144,3.884801764851859,3.6255864928317227,0.37419056937046624,0.3908650530405759,47.23512380656331,640.0995788662551,0.47241331002620335,17.85667901014016,28.654776139539376,0.9181529276905622,68.28952606363873
DEMO-0160,B04,7.0,10.0,20.0,4.0,45.0,488.35568501941793,446.3199496144906,56.422436901750984,8.410014173134309,43.95825382432741,134.51689652230274,139.1392280380859,65.025805089144,11974.623919554944,770.0817634168178,2129.231743624586,282.16840017039357,5.471098525398498,3.904602617842751,4.7126621919730205,0.3251185126317033,0.4151742513871139,43.87363088144163,584.21790531646,0.619980129623713,18.736278670976205,33.06833369208605,1.0406827058346184,61.45068658271656
DEMO-0161,B10,8.0,10.0,40.0,4.0,60.0,416.16338469213133,444.9244956488168,59.54476690262187,5.995343647371582,40.93464210508958,93.08538451139343,187.49220998350802,65.21167571437589,12024.498699727843,909.6696137199646,2298.0563838176936,339.5483153989679,3.510448253462252,2.570464555006794,3.5359551240086797,0.35413860148337334,0.30036519509830245,54.21698608979597,629.6909059266469,0.5014397602025626,13.510101784614895,24.90763007944507,0.7729968092887658,66.81763251546026
DEMO-0162,B24,7.0,14.0,30.0,6.0,60.0,324.1032127635327,519.9506220907126,46.94995219452814,6.68644206531565,26.412109713417525,117.18980142984992,146.15862158736962,64.00693793645925,10947.968102565512,711.9728676793665,2165.7111124006915,273.4219501626305,5.205803551197946,3.784891336769435,3.893175013171674,0.3133650728597335,0.39446021795791114,46.81496262992746,584.5317481871908,0.5150369803218019,17.466335006960943,31.750015245308397,1.013514875455307,70.23223287336808
DEMO-0163,B10,6.0,14.0,40.0,6.0,45.0,376.51922333897164,459.48934588500737,36.23058297030603,4.260617016314015,34.819427643501925,110.39476649368574,130.96492329342007,65.23068797570222,11372.320338336327,694.5453677797017,2099.0775335798207,279.1375231764775,5.066949933995498,3.8214341155634375,4.246622151562518,0.2905482169495999,0.39201061812302324,47.52581002333875,591.7861935400105,0.5597103651048748,19.475414162690576,27.459901064638732,0.9615134569147774,70.02969569257327
DEMO-0164,B06,8.0,12.0,20.0,6.0,75.0,474.104609319561,467.93505973444854,60.7512003772652,12.451183542856004,34.911416071894664,108.9526989931255,315.2722134104102,68.78776324222041,12687.981045897726,853.9104537778474,2345.3117973569697,303.93605058815456,3.397945099928284,2.4224792593580733,3.0524566020625583,0.4051329212125441,0.3026804857107165,50.75065101888874,647.9477402631329,0.45706656038675597,15.237226582925919,25.155270664568096,0.8246211998524361,67.35942277249316
DEMO-0165,B17,7.0,12.0,40.0,6.0,45.0,525.2068300983519,538.7590790084936,42.76452223995767,11.017683878367512,37.046881582914615,129.5281908366982,168.95969187672756,66.25961668864221,13052.37055394976,771.1665766239955,2310.618795768113,294.2940455081694,4.576082006585679,3.213612680086352,4.012489409974512,0.3898386491676245,0.38566146608334223,47.44626465410486,623.8518153405726,0.4853058316044978,16.66134694680571,30.78058753617553,0.9730112732557116,69.06235363436483
DEMO-0166,B01,8.0,10.0,20.0,4.0,45.0,479.21939969931634,556.9788096908795,39.70490424053089,3.6898514606709556,19.100554168469344,88.69538493794887,111.51725510704212,68.62465035719234,12112.051892281104,703.4962928311419,2313.860206035906,270.3961334122924,4.5830582484826445,3.0591594062337077,2.9486244385507905,0.36260419533126914,0.36234125934681566,48.63755029277527,605.8738852606532,0.5137349008363188,17.960418676689677,27.456918643811225,0.9808619349365616,65.7467055110071
DEMO-0167,B05,6.0,14.0,30.0,6.0,60.0,406.1681454179227,471.2258167760831,32.8590747733934,10.07568169921236,44.28536435800434,96.71830397565913,317.8278102591638,66.71274063515226,12459.884240198484,690.6012054497028,2256.1176837314733,239.2727819902398,4.133821741926322,3.725541769296972,4.265014516577704,0.393443356558803,0.39771980414674674,49.9216798721744,608.3925586591653,0.5015806335908768,16.844524362012837,29.151839563115168,0.8451264520222669,66.58329792504327
DEMO-0168,B21,8.0,12.0,20.0,4.0,75.0,546.4786644887746,320.9483174768431,48.45151083104396,12.269687301779022,25.120803659794497,127.03070171133453,181.73537692860026,69.67361136961529,11799.011551017002,708.0682227297932,2097.808285816827,276.2086104642173,5.252052542562261,4.066987136351397,3.8262658860698684,0.2661719832205008,0.41314335854361794,41.87478635235328,621.6737146036833,0.5377977971006834,18.5475569252103,32.007092379469206,1.0301907537150394,64.9141175217762
DEMO-0169,B02,8.0,10.0,20.0,4.0,75.0,360.8555789813447,509.51696525447255,55.247791004063814,7.529321896283344,33.298469349541215,81.30476779382552,207.75555737731844,63.88211829863635,11692.879968067224,763.7803974655055,2313.8416484691725,293.49616041909826,4.595131776230185,3.9399154159385175,3.2997936563061914,0.4724879837397627,0.41192758410110447,50.028018812567716,632.7301142587852,0.47923322784919103,16.033659111605857,27.1001617055944,0.9043211122554161,71.12749981643054
DEMO-0170,B09,8.0,14.0,40.0,4.0,75.0,340.1348725776732,508.1971679555504,60.33248264689278,3.1028844837556377,31.399662720370166,108.69005155373958,333.00676697117865,62.99626253223836,11170.152759953846,813.0072312696245,2122.0166822745837,327.4615583428975,4.336359135960443,2.747283585872369,3.9367416350242608,0.3429671790829758,0.3320094019442704,52.15367931712897,608.1350918002762,0.5169653182602432,16.61417347033386,27.01184411398344,0.94574640277626,66.7215313182971
DEMO-0171,B11,6.0,12.0,20.0,6.0,75.0,349.12315884697836,352.3625458713225,30.6647992672409,12.788441375057719,39.905991459551686,111.97689206167904,329.0002234685145,62.858297710612746,11327.993404323342,665.7523013160925,2124.06355417639,246.65252608751894,5.075332860068255,3.79411615088828,4.674781399379343,0.41513369136064693,0.41739465843946777,50.34192113272009,601.148957461777,0.5031462019022139,17.415813153211175,28.995546261438445,0.9583077388241462,67.02423419971615
DEMO-0172,B18,8.0,12.0,20.0,8.0,60.0,362.42184906829715,536.2237819295095,58.5160699857029,13.528653161135031,36.69900206192675,103.78141717430631,277.1212419580611,65.65474309333887,12355.855192752888,821.2491590588282,2198.2042356489146,287.40611562422737,4.833231132913735,3.442877792267239,3.544171843174498,0.3866528339276477,0.3874291822338599,49.193610700238885,609.0657599627726,0.5306412087331752,17.513692452028472,27.92910185187597,0.9599524118867999,69.33527749308476
DEMO-0173,B02,7.0,12.0,30.0,6.0,75.0,350.5740555846485,429.56218158873685,37.99140808139417,9.211361197540947,42.1663556406656,132.57920380466635,321.61907391600175,63.02466367361759,11484.86471596058,670.6090377623153,2039.2216134003838,262.6204732282954,6.282817260624881,4.246971992420726,5.1654022419820675,0.489384517421595,0.4717863437911669,40.62881674560312,570.7118932855195,0.6236281477897723,20.802498246058047,38.263282300205944,1.2552068748978178,65.86075561492325
DEMO-0174,B14,6.0,12.0,40.0,8.0,60.0,452.51786397918113,396.3326888361539,37.25653894417016,2.364954073515166,39.25915384844086,94.02218882066859,314.818829781736,61.805788002665516,11542.337775134734,724.6362710201715,2229.842024802919,288.81104684731577,5.120953874562342,3.1523147875024637,3.91640450052011,0.35876883641866075,0.4062546524509573,48.2053995533576,592.5761491435024,0.5860955664459944,16.34895586102264,29.230464336808577,0.9940007605470335,66.44432883044767
DEMO-0175,B11,8.0,10.0,40.0,6.0,60.0,372.8896368434252,526.7845553070026,36.529379624709314,10.008670442160907,42.060406058382924,87.38485679190941,291.3643981445851,64.36675192234144,12375.87866940734,780.7718484599825,2406.9217361875935,297.8276106119837,4.240028987729558,3.3223464020232516,3.6868249527913988,0.36848546162562046,0.3435044189691207,51.92219906415209,608.4738129387415,0.5344905972116432,15.770135756509656,32.852822027220824,0.9492599513843575,66.62536306976526
DEMO-0176,B01,8.0,12.0,40.0,4.0,75.0,408.0090377484181,372.3527437973187,63.47785996453833,12.230425560980922,33.731357713512324,130.84034125674498,319.7847793676032,63.37013211535394,11950.659466872587,848.8846974070749,2090.668413285199,314.3600747140548,4.42509861402864,3.9297914235925187,4.27803853381817,0.2940062967483526,0.37043317726938313,46.04154097720133,589.0426176927917,0.4036926066059413,17.641384671967256,31.2081889061781,0.8713481452402986,70.06187567597613
DEMO-0177,B04,6.0,12.0,30.0,8.0,75.0,483.1062940241799,535.0060571453067,56.87215513404744,6.6351308213773095,31.04083768254607,116.43513874158346,217.8947181275541,66.96573679379966,11984.040249270432,807.85320630555,2212.067176983035,298.7716751574247,3.960369194820435,3.454604021324797,3.3275340996687484,0.3939433256837618,0.3471156511860281,53.13272300163856,583.9157900895353,0.5048461532611386,14.333423182046463,26.26603283779755,0.8766299955296173,72.57078835196361
DEMO-0178,B11,7.0,10.0,20.0,8.0,60.0,327.78615117107756,548.6338333509177,55.90548597557843,2.331485939577009,22.762546275021574,116.07885618898295,103.03665578385926,61.35766678354077,11116.207283311613,731.6303059197127,2103.6785834302914,253.43924391146442,5.794384606035579,4.1475532736188345,3.9450682840284426,0.26790827806920026,0.4404562050554138,41.955836511126705,570.1109659062528,0.5856273304370277,18.17640384680266,35.89270965937817,1.1077093853501028,66.50636339573676
DEMO-0179,B13,8.0,14.0,20.0,6.0,60.0,531.4838378824684,461.97273834232885,38.498381227216214,8.804099422220425,41.331360138968805,132.38296777465456,124.36606905863158,63.777350249975015,12400.985383881169,696.0599139844677,2105.7375163241654,266.8113236583375,5.362807626457659,3.8163584652834714,4.709562814069863,0.4512501423464883,0.4486354611110904,48.37503839194468,592.9666546727028,0.5451592511116179,19.023064191394557,33.94067213178811,1.0786735107973264,69.11019399956966
DEMO-0180,B10,8.0,10.0,20.0,8.0,60.0,549.8491195993985,423.13196910814014,50.6252250361678,13.652322426800609,19.746111328999923,86.78797852083632,227.45888699694933,65.1429661342262,12935.040217357982,839.9880163927899,2345.6385531484416,314.5516827400638,4.396850303970233,3.1504362743951506,2.7569593584736483,0.38486108649504647,0.34251034243068157,51.39033738875285,602.7855097413304,0.4754029912539334,16.270339684247514,25.0009210771699,0.8815649878201244,66.68973146171128
DEMO-0181,B23,6.0,14.0,30.0,8.0,60.0,488.8364402774547,512.670581648438,61.66461071344641,8.961218535066596,33.471518751816205,82.65007247511214,327.76904524091856,69.28670784230887,12873.198334191156,902.1835505346669,2552.476071049148,334.35323372403275,3.267794232941009,3.216624140233319,2.9004832901961812,0.34016868903980757,0.3240857689125569,52.84094973881561,634.1840214958378,0.49441533657079245,13.506944089329144,23.529188792376154,0.8036518169730018,71.20643689676314
DEMO-0182,B22,7.0,10.0,20.0,8.0,75.0,321.59697315368044,489.88319438189797,43.09874313117824,10.726419091183125,24.628532769297497,80.91935390217759,208.92360833365143,64.9406820062469,11162.11189586646,776.1707722191794,2266.43825342541,287.0470641770628,4.589563328635182,3.667959126418732,2.5819690625074356,0.38851714199437515,0.386091876178494,44.46878793358153,603.1092651855683,0.4470813865062506,18.459089086937112,28.982326491692653,0.9437418638984412,69.45739215235612
DEMO-0183,B12,6.0,12.0,30.0,6.0,45.0,526.1914051552427,370.72848106629954,36.28775025690018,5.8834737783418944,25.824129933439494,106.22453361589706,323.5140963145531,65.34991550885668,11393.531992112223,652.6136021357571,2139.7245028105845,263.8896039257408,5.412339033152425,3.6868316546841173,3.7745198549978602,0.26307351365158393,0.39244132540609666,42.93337840846183,573.9125262012043,0.5673377004047968,18.438160071823827,31.465568388764403,1.0084300710716319,68.70595090058333
DEMO-0184,B16,7.0,10.0,40.0,4.0,45.0,437.9908169738664,348.17324168385295,49.64290214925357,12.951127028095865,28.966852737359638,111.41835239598296,251.22387538039894,66.3570460681187,11772.730372038335,801.3214426738814,2246.6271116701764,298.40445639272446,4.738162980014707,2.8099417063956635,2.9500215644759877,0.378273370478099,0.33205940206080864,52.34589218469048,613.4958161400056,0.566836636063901,15.803442446922107,25.699737303414857,0.8523010573696667,72.62685072943945
DEMO-0185,B28,6.0,14.0,20.0,8.0,45.0,334.0332462786996,515.5471230678786,42.55605023811708,13.64863101029868,44.75030455329018,90.11083815696202,324.9824268653207,63.8406113912629,12047.933002295194,722.2321802891764,2336.130564599378,251.79741959445877,4.659156211434056,3.499346089949521,3.35617678689057,0.5518465172730921,0.3961504108019995,45.17724827938994,593.637460466195,0.5456427988836845,18.065738103101477,25.387223434192776,0.9410835743754412,67.0499604698712
DEMO-0186,B11,7.0,12.0,30.0,8.0,45.0,379.9486143758261,538.6897669005496,38.38720828691348,9.64929033154377,26.604974242407295,126.3430676911502,132.8106625713815,64.45039402653316,11842.916896897306,714.1902841067254,2242.728217860026,285.88342098339257,5.232657817576304,3.6333321779058405,3.0191980226178874,0.35686566779221474,0.4109199900108171,49.08020433081838,637.1035529676425,0.5353749948756481,17.405832827047433,30.116946783575536,1.0650536016943937,68.53955298815077
DEMO-0187,B11,7.0,14.0,20.0,8.0,75.0,520.9660827216663,520.6233509325255,42.917778852992726,13.681863340978733,31.967940153437937,92.46591806320899,327.7605593753575,69.76567446422635,13311.194464894412,784.4076855429175,2460.586414635102,283.192397702454,3.538432355686834,2.546363506965862,2.116848373225226,0.3453537320481027,0.2709362523130152,51.415271979276234,653.963747480752,0.4426802446119543,15.515662623131744,26.94932700459326,0.8751594102063736,68.99277960669177
DEMO-0188,B10,6.0,12.0,40.0,4.0,75.0,485.68581168219276,492.1603021151406,39.30735293905127,5.309431542646564,29.359061280887193,115.14368672822638,113.8169478021725,72.75322120736703,12361.202857001763,702.9975122455483,2246.083315368032,286.8644708846143,3.9703826653422976,3.0112686090348815,4.607209037546019,0.38672024749453415,0.33344554666101867,52.42074493694637,639.7851222640825,0.49701472453658496,13.597088767205026,24.080737248574824,0.8040245863539169,70.62402162859676
DEMO-0189,B13,8.0,12.0,40.0,4.0,45.0,502.5517058230614,414.27655514068647,64.18618501683969,11.133582238072226,32.56583385625052,128.4762568258818,334.16451635682955,68.77568361940507,12361.656237090212,927.9356209220962,2168.655625613055,357.4754360652403,3.8994661227239362,3.279054113487864,3.9876537276131954,0.5932542974873446,0.3773748119870148,49.68470872957753,603.523213226746,0.5611615820814978,13.454019789140125,24.95971103006743,0.8691817436729751,69.65147199760177
DEMO-0190,B08,6.0,12.0,30.0,4.0,60.0,436.1194692926446,387.70409290566937,34.77304688386016,4.005454387383466,30.780209305950592,107.17658245404212,271.76530878255227,59.74554376456849,11259.329912182704,708.0444536088983,2193.4129325002855,285.1953680493026,4.435613596299368,2.7051976468396504,3.741792196799143,0.39016037154719246,0.320228495774112,50.30587090717231,618.2899576631227,0.4243491943506394,16.968329920518347,27.685965725305717,0.91367763023476,70.40895007994482
DEMO-0191,B16,7.0,10.0,30.0,6.0,60.0,446.7032835298414,388.8096100918786,42.911878781175645,6.198023779491502,30.896304414602618,102.81400668626421,166.40868296745163,63.21178137027147,11656.257031598947,754.8276969486772,2236.883085128737,267.89665508156827,4.52852826928676,3.655529410591773,4.270665089608439,0.35187964246253084,0.3973086803269773,47.710845558416544,595.4489124197529,0.4541428842758505,17.02601533523454,27.54561985293349,0.9818681789114228,75.16900333372384
DEMO-0192,B04,7.0,14.0,30.0,8.0,60.0,423.98370485892815,472.2878718028682,54.30577536656943,2.4822513000400854,22.83806351333002,133.63604720430433,312.4019256607269,68.71380902511473,11188.731944203713,735.0952825236592,1947.6835536753533,289.1454363610194,5.449069382189398,3.8356339784317,3.953121062543978,0.279206686716849,0.41703037791007813,44.02569139672508,538.066403743139,0.5686239565721865,16.831087003507093,32.781838775498514,0.9910130756476536,67.6846459906256
DEMO-0193,B09,6.0,10.0,20.0,6.0,60.0,326.1143636548345,335.0178460851158,39.98186430882117,11.349642430181301,35.927222398667354,113.19669256042322,175.1560117729508,62.01018485002198,11386.692546224505,741.7933893192288,2200.176497572868,256.45129895693367,4.324318550036967,2.816920536525879,3.6956525230643487,0.2934144096037713,0.3259843333492681,51.82980963287745,635.0878567815539,0.49448076625919596,17.14739815081377,27.99160642322037,0.9763577537954968,68.74146769912662
DEMO-0194,B16,6.0,12.0,40.0,6.0,60.0,553.4651723925672,394.8454932151415,38.30723884258776,8.387599484898894,27.704413508773136,122.06684183757235,141.8104450874519,70.53448595279497,12267.74477492927,704.2117510497135,2284.6401864321238,303.1534325040152,4.381657564364644,3.655471308313182,3.293747745828167,0.2208707026872896,0.3503588264032084,53.78775875503237,644.3515568066501,0.4779710974457349,16.386424636424827,26.69628629955088,0.9279763015591818,66.12964265284728
DEMO-0195,B01,8.0,12.0,20.0,4.0,60.0,509.74040093541134,326.6659788226082,54.01417950183962,9.826259729675911,33.99728339114905,127.87612530653334,260.8635393919046,62.55776166464036,11187.639768011893,771.9621657267132,2039.7287939214393,288.6466125366046,5.247038867637815,4.257362255115967,4.760235841206856,0.26263399217158184,0.42704761264670504,45.58738379533675,595.2628528080876,0.5111212727852427,19.03183494162221,32.68240528392173,0.965451003045935,68.47048370887278
DEMO-0196,B25,7.0,12.0,30.0,4.0,75.0,492.2690352447194,491.14422137508984,30.130702488409923,7.430532380775803,24.318450872820996,108.40147957021641,158.34855192611172,67.86538483873912,12128.353609486585,691.474555064315,2265.9865215590175,277.9220501057451,3.5190968003769982,3.394224683816061,3.434903564351262,0.39404059400393643,0.31211726006869384,54.23020656262023,639.9795724001528,0.44081077515588263,13.715061784594583,24.35027124715664,0.8350781299058975,69.38258572200988
DEMO-0197,B05,6.0,12.0,30.0,4.0,60.0,464.73703614181557,414.4112944949445,60.178519275630805,6.776010101068925,43.51550438366752,99.70281841178857,189.66478064523363,65.0045421917555,12162.814790837312,852.2170334558338,2282.4301532885884,320.36581336757143,3.7027743710979153,2.9735492418054466,4.132268070236442,0.3767476133016593,0.3627552777836435,52.49816159154578,616.0248275458808,0.44774807385262355,14.955462309230658,25.930807016682376,0.8780605671562028,66.21007589751397
DEMO-0198,B04,7.0,10.0,40.0,6.0,45.0,446.70007605406437,553.906179731175,44.16888056523394,9.73347383415154,43.82125129557748,104.81581077918678,334.0271251570022,68.24419666733785,12301.002558199116,788.4697766577058,2276.786085630987,301.2547996363431,4.229072881669808,2.0003451684384097,4.373199059055013,0.32582370987384457,0.3354160756392813,51.45818658293916,602.0973938919842,0.4633927998864587,13.897681559087633,26.311950239908345,0.8318076272219952,63.66201334789261
DEMO-0199,B26,6.0,12.0,30.0,6.0,75.0,501.4243197880146,328.95891714983304,40.24352312380236,3.273214771922156,25.36700988258754,122.78402011572958,315.74209635450745,62.258833701952355,10828.31130853528,659.6098224806268,1968.0058405857244,250.24430442082297,6.219616930955355,4.271367817889573,4.9488789727219435,0.3765113990957955,0.5057241453963419,40.82693446047223,567.6170355257664,0.6624103599076487,21.557472328916624,32.696539785296174,1.1474032820510967,69.39533857012391
DEMO-0200,B27,6.0,14.0,20.0,8.0,45.0,344.2833396369304,484.60592816952385,47.50753185568251,5.115472633687528,27.126281319508696,112.82764684446734,204.3460598301646,60.87500670589042,11087.858431002214,688.9061625675645,2103.296245222379,260.5778502452884,5.063997768966506,3.3311286643656546,4.273611902845544,0.408476806095374,0.4200388470103437,47.12320745901732,614.141229413444,0.5366989951885746,17.813946610646884,30.477010212383128,0.9981619239422455,72.07749658181865
DEMO-0201,B04,7.0,14.0,30.0,6.0,75.0,447.8326525809269,366.6001986868728,48.103942828262845,3.2920307658985237,34.80300823164021,91.7782991803938,232.618155007131,62.82893048865282,11495.68344376625,764.2749741164488,2207.039041721765,296.4071827738214,5.109339821807093,3.2755782495912107,3.525008781977475,0.29825301392319176,0.3735302459759361,47.52742319351509,573.4263507612682,0.4918166855816257,16.840732745288523,32.77893247305622,0.9997154161635291,68.75327483921461
DEMO-0202,B20,8.0,12.0,40.0,4.0,45.0,360.7056575882481,482.40003647752644,61.690552769509175,11.074261631706573,28.930334736558184,92.79602217977326,288.77521350054946,64.29669481241508,11960.00901820386,902.2011822892185,2261.1389894446743,349.0945288913135,3.9725624179075054,3.0337465496701888,3.3757379060664388,0.44074652491008703,0.32452066688953585,52.75473701540762,615.6543146133305,0.46167690581419957,13.357599215226132,27.635452025578616,0.8719670321408048,71.1580214192027
DEMO-0203,B26,8.0,10.0,40.0,6.0,45.0,384.7615336994934,432.5578782932971,46.29781598480081,6.05944860054883,42.65538656258789,93.20785639089468,127.76143176927283,62.181016044384165,11742.775570250506,779.3841664333559,2303.3012267936183,311.320046083035,4.254527879019221,2.5028607520741653,3.9607912033519956,0.30446313802488306,0.34233661828101153,51.35439767313509,639.6292723589381,0.49142444115574163,17.465250647380497,25.316044517577573,0.8796235186665776,63.04403020615564
DEMO-0204,B19,6.0,10.0,40.0,6.0,75.0,542.8962012302413,465.55300131777733,64.96963368783943,12.181249933488358,20.748131851595716,113.81066762541724,215.56894188031424,69.93839762220878,13066.249872847236,931.068185599505,2262.5843617377495,350.2204920609872,3.5482807767229687,2.9660970027971425,2.6756751393370357,0.4072633103037081,0.2995686296060081,51.682784980310565,632.3266092482867,0.44000512190050795,13.36526440237242,24.387617208564212,0.8270758224331041,66.3793387335833
DEMO-0205,B26,8.0,14.0,40.0,6.0,45.0,559.6145313134623,334.3247357471163,51.097637611816666,9.340494903497133,29.501231555477442,123.26231853826097,334.62532965403375,65.30538696015195,11643.29345407682,786.4628919491743,2056.4120819640407,293.3478443502203,5.478438370911005,4.201047511210126,4.402957101457569,0.3154923515872802,0.4306703147985559,44.40266173426631,564.8634210940281,0.5636036401665073,16.30573448428246,31.98144269439194,0.9271170337722489,66.54638725912515
DEMO-0206,B19,8.0,14.0,40.0,4.0,45.0,552.3967680410985,448.94725328355344,31.689678897462905,9.697954425327959,23.227009063514313,123.79966116666,255.2341799854811,65.75214900406463,12285.272088575615,691.340212294491,2222.5274521637443,277.88513346757406,4.810856314160337,3.0852280699323207,3.2251515478846597,0.4093516480340684,0.35310187821364036,51.45144398993609,623.6678896939719,0.4869800183491724,17.771449650065,29.469072827832832,0.8935356056054694,69.02481270617417
DEMO-0207,B17,6.0,14.0,30.0,4.0,75.0,557.8981971236647,482.409272795319,34.015251333958894,3.831644220251239,20.619648370148035,92.00726322226762,143.45238223652808,68.9212536452961,12352.04644227984,673.8601792392728,2395.913832564755,262.17271279351667,3.8576989491342033,2.2939565156480493,2.7932705190358282,0.37484979663461876,0.287768736773295,55.4533247336994,610.6907256596412,0.4714157467489225,14.507998150666618,21.761905120215328,0.8089985565501684,67.55811464018116
DEMO-0208,B23,8.0,12.0,20.0,8.0,45.0,518.597930459903,551.1934582802453,53.3313377139892,2.1439737662076404,19.768369917962907,124.38418203612828,288.6623347895801,69.33016968835199,12373.410056362218,740.3753630100772,2211.0149387387946,288.0905156395667,4.642894381653081,4.172973116896705,3.4013256754431413,0.4748233641400848,0.4184329881623861,47.51369017174143,613.8168644120244,0.5402430780989019,16.21687790108588,27.768436384351514,0.9219211369438612,67.22489768691557
DEMO-0209,B21,7.0,12.0,40.0,8.0,45.0,488.3537448793318,363.29649983120413,39.03401533087035,5.739779051122049,25.182587198990902,96.75142517519473,149.80482650943446,65.88626638864446,11604.40791452442,706.6422998213324,2260.0201180754366,277.0249741848501,4.363176197415983,3.4571055707659135,3.545921561246449,0.2761394191785768,0.3637500507589606,51.54704364351483,616.0573964854391,0.48363201923517224,17.733623364475225,26.75381161845666,0.8705466061581565,68.46672024651343
DEMO-0210,B11,8.0,10.0,40.0,6.0,60.0,364.785657840295,376.89628631945567,31.97929357139219,8.619532226637446,38.03452742154321,112.90236227691597,266.8630598302909,61.16374878654885,11463.930544771149,693.0033132687475,2070.076411151818,291.732401781919,4.891797323402215,3.2178991454705255,5.143159525030878,0.3788015564513999,0.4359309844743752,45.146993893646496,575.2633516988011,0.5668318573801612,17.83978035319503,28.524352626612053,0.943466326806058,68.90429411936044
DEMO-0211,B19,7.0,12.0,30.0,6.0,45.0,541.6222269845235,500.67973045362316,45.45031997956852,4.628556009688153,22.051409470592407,127.20113885610051,132.54742849814127,69.10451155812527,12353.7378209647,681.3468072674032,2214.123547052961,274.5244231171597,4.249157167814134,3.785032662044178,3.1202985285629143,0.27699574893744094,0.3742261867477801,46.139342045586844,619.6950762542848,0.49605329260256775,15.361226815808598,30.418640574331196,0.967189956279421,69.04423193020331
DEMO-0212,B12,7.0,10.0,20.0,4.0,45.0,464.7211428623988,424.1897046056488,31.870033174113,12.564358001141233,43.05794280444954,129.10106088120054,155.4434782841035,67.04808122138668,12531.552364335632,637.3812771998716,2075.4403818030814,247.65201582873132,5.447076320597386,3.5849605090210086,5.166162036987381,0.3151488475929619,0.41168794171872375,43.82158938456304,552.0757886601046,0.6519006462051162,17.174204726807606,31.06357937389922,1.071397687854945,63.195471281216996
DEMO-0213,B15,8.0,14.0,20.0,6.0,60.0,392.5401327039728,533.2094071156563,54.63011228152554,8.529953649994718,21.827051321700527,84.75706862776939,208.22653763246478,67.59318595372488,12300.652665006835,825.6557657789126,2381.619244350832,298.393582939674,4.10204485154988,2.757254038560647,3.5876788891161695,0.3912329236159306,0.3087331387520328,51.91871284373614,600.5943101902269,0.51414691119633,14.321764446955612,24.419825802138305,0.8580101389690854,69.02925253510804
DEMO-0214,B15,7.0,12.0,20.0,6.0,60.0,397.92809406769084,510.8718789184484,53.3032980927611,4.244534957958107,29.891603541608827,109.70536233244182,130.86315549132092,64.49168272558057,11488.67815412622,751.2165194749172,2219.434385065705,299.8607586505721,4.125592850257252,3.3126298125710645,3.5957214188479254,0.4293176593724253,0.3559792410034643,50.56894929336438,666.3302701756728,0.4704570486788762,14.345775019125206,26.00837504082982,0.9675676543564293,73.94396103705127
DEMO-0215,B11,6.0,12.0,40.0,6.0,75.0,358.79634429123433,327.53414140695554,48.713576230412414,4.334228463558885,43.80858236513006,104.4672991100843,147.66683798298868,64.39251121495893,10892.72623464849,788.763830718553,1964.967826321214,300.66389322996463,4.889130269654345,3.3621561778654514,5.51021864400111,0.3221110632622912,0.37880071675344223,45.046661390511645,589.4439966021552,0.5252553287391789,17.065189567484154,32.65855612750372,0.8648312839815271,64.88694392373797
DEMO-0216,B23,6.0,14.0,30.0,8.0,75.0,366.57344551604797,368.52263971801386,47.149519479363406,12.680306115503935,29.27166118253043,105.40134698971526,166.324267794243,61.019824325508466,11567.679106214706,790.7592694811069,2169.5286617517554,307.10998328889673,4.286700253428253,3.0429011781831035,4.000362078461997,0.3223753313694923,0.36977919397440207,50.38276937200423,613.8049861457215,0.5020627416349586,17.436816256293234,26.60930762261589,0.8454000819578616,68.55715557214593
DEMO-0217,B07,6.0,14.0,30.0,8.0,60.0,392.3651649480535,535.7805511669595,33.20068868163806,6.904317895188958,31.076468391943386,107.818503560648,262.93340592285153,65.14658472390762,11819.469687691697,653.2984363703696,2111.4729928002175,239.2897091213898,5.178814894130756,3.334742975200802,4.273088559222052,0.3395138518872961,0.41207798927390815,47.07456645765158,585.7359088555784,0.5555020377451122,18.27513629198752,30.40556848383196,1.0525259540961476,68.7170111980363
DEMO-0218,B14,7.0,14.0,20.0,6.0,60.0,520.9890729008305,469.60157461976894,36.51908680122529,10.661043676705496,20.365942536990378,93.1602260894744,107.8148390475329,68.82610784001469,12335.203308822636,739.6044825294862,2426.922126825476,287.4574799177,3.5561198017701994,3.3055079733861956,2.34996973352209,0.32110430857131,0.32575460095794895,52.75182668952201,646.5741170919902,0.47296595054436535,14.808789438956595,22.8046160954757,0.7895100098897564,65.44450453007659
DEMO-0219,B22,7.0,10.0,20.0,6.0,75.0,484.4715359753138,371.6347704662466,45.422390369024704,5.848525951815395,29.002597097725946,127.9792383895882,288.07393368753003,64.88246806936864,11409.539187911092,721.1535247865748,2082.6490095639333,249.9503121934437,5.643329922676924,4.272419059700756,4.45442704110628,0.32289363099071194,0.484710934252457,42.46903763136056,608.1477814245611,0.5845772386339319,20.60496660222187,33.13569044831612,1.0447909293188613,68.09367342596097
DEMO-0220,B10,8.0,14.0,30.0,6.0,60.0,534.2721282927893,480.32921590440617,30.92621807334544,5.4555527308968275,30.752534985896656,96.15813743128221,166.08608097362003,66.18269547519343,12168.247955012857,673.7038313782949,2270.938003831909,252.68656868797493,4.170948302282743,3.925718893354299,3.70331636938907,0.31916916530350076,0.3104053635479186,49.21553151051179,628.1318140640761,0.42961546917950644,15.649121945937473,25.3554598603165,0.7852353498436297,69.07098540662952
DEMO-0221,B08,7.0,12.0,40.0,4.0,60.0,506.395488026866,531.9642066926593,58.63634150543349,5.924286721450921,36.68002870862139,97.8160941022294,300.78251735207357,68.15130442706699,12929.10436603742,841.8141347374587,2381.0077420526104,332.5823499330301,3.0374080133118224,2.839908248859521,3.3180191321794736,0.2843548933286051,0.2616497710580686,54.80739825864812,629.7394123616197,0.43628577761896614,12.061014348919475,22.894872999452712,0.8002851607136288,67.53676280924296
DEMO-0222,B21,8.0,12.0,30.0,8.0,60.0,379.5651454532388,541.7180222810159,32.4100675162866,10.958738907269655,29.12017430712317,122.34377287669582,311.2397662905797,68.90613901215846,12100.08831275492,662.7180165497989,2123.874834401165,245.69144417343932,5.292371274826367,4.07057099021105,3.980861111751583,0.37537929152628746,0.42821555311799187,48.20716087367749,567.9250781356048,0.5716819574067427,17.501385088659347,32.83773085867581,0.9715896585058751,71.417335752357
DEMO-0223,B03,8.0,10.0,20.0,8.0,45.0,337.68910167986877,483.7914142776523,56.025082483947614,7.895516339025265,43.20152851668704,96.33720268143973,241.1354200036811,60.67322769827847,11414.169194242755,816.1299733523915,2209.22663778142,307.1489348150823,4.2684808719735585,3.0907939334027525,5.210304952487797,0.4316914145655918,0.4017159852322786,52.93515409157674,594.6742167582837,0.47616901690252206,16.994917938258343,27.329367370770754,0.8822416559338294,64.55850633739595
DEMO-0224,B25,6.0,14.0,30.0,4.0,60.0,451.6508415340861,387.60365753956125,37.996598698454136,5.702715087785274,29.326257675477287,93.0739320807663,178.7026944699155,62.494113396117555,11756.505827787607,683.6388426212659,2282.386956949618,266.85124122562803,4.529063959851881,3.3297891622062257,3.1616647104268547,0.39504555602718133,0.40000458172465914,53.25508627180985,623.7422837286501,0.4924912988072331,17.705320707420096,27.14722570166399,0.9093247910561716,73.72193834332488
DEMO-0225,B12,6.0,10.0,30.0,6.0,45.0,376.42147667207513,451.9192200935225,48.59211858686353,8.100662840328996,24.19852963371301,115.27821992560654,330.10126034413867,66.70094812128458,11508.04192390673,758.6468906786747,2145.1389805441763,321.81494142021336,3.9248037339394592,3.1920795327470692,4.2634001996125495,0.3321081427858472,0.3865292592641665,54.19021831077408,609.6730623137465,0.5006289955122991,15.714954173589799,23.414073103485343,0.9211634627713793,69.2274828217606
DEMO-0226,B16,8.0,12.0,40.0,8.0,75.0,557.1379555343949,357.41649843998425,40.74165552821641,6.269721555509443,38.942339097357554,87.08881153271378,284.96361423732014,65.28732553301926,11744.599048427448,712.914358621192,2243.1073648975967,252.08766850004903,5.19894547691345,3.9473405660073206,3.80821759906539,0.333574124820007,0.4573697759436839,44.08192494853512,594.8019505010401,0.6224914795192205,18.01595574079505,30.416440344134415,0.9769348687135921,68.92893348894975
DEMO-0227,B20,7.0,14.0,20.0,6.0,75.0,372.44586931647655,547.3784915293897,48.13907719752023,3.439804129253912,19.583946575749074,87.3212954385533,298.0873388714033,64.34238863260885,11385.877836436619,696.6942833003752,2316.7664566691465,256.1577005657948,4.850802923066672,3.554860798465244,2.4660392412172003,0.4344623597689137,0.3814185776915114,46.60420847266074,629.3837035060974,0.5215823732869949,18.57141123296437,27.929828758803115,0.9842964846999526,67.5746145201418
DEMO-0228,B04,8.0,12.0,30.0,6.0,60.0,492.6154870899035,558.9454204793942,38.94610809403942,5.618669966636716,39.41939736597418,115.39121040306682,134.18521251174693,67.31178418501335,12831.302470431912,684.0138794781699,2225.692807978305,258.4024354323025,4.720172097525629,3.2558896975495144,4.49200847421167,0.35882675148991466,0.38770678328721875,48.37093690603384,580.1902442383594,0.5192841360053876,16.903893396964673,30.870184834999915,0.9253348227344923,63.398030960538065
DEMO-0229,B15,7.0,14.0,40.0,6.0,45.0,464.418220550826,504.20601092807595,39.32153632207323,9.585493834744657,30.443488197979804,112.60124008022919,244.45674175036737,70.91397284240433,12476.362712391538,788.8950721550927,2208.8300509613327,315.01279893681567,4.140471376783297,2.9232940094096422,3.3597371249667516,0.3275027071540269,0.3805501918179648,46.639800085709794,600.2176401514384,0.49842850024854224,16.429643356573937,28.10936532911153,0.9370074578629147,72.77134970702507
DEMO-0230,B05,8.0,10.0,40.0,8.0,45.0,437.54464417476623,521.2700821512565,55.708401618671786,9.513952691324658,33.100185044602114,120.67543751841839,257.56153490754076,68.75220011666322,12592.299727084755,822.0501793208546,2325.442744336814,317.82186122521813,4.018788564066059,2.5279216854391082,3.1804577189855494,0.28932701080848156,0.29282735344248,55.61463270167588,612.4582649765284,0.4780640933332418,13.46239760936703,22.341305057928423,0.8419245499458702,71.45886069909278
DEMO-0231,B16,6.0,12.0,20.0,8.0,45.0,429.60888575247975,537.6981903977749,46.258320090147926,7.6630700247746155,18.81833666039524,124.19962107650841,333.8189831026343,64.58060319526832,12242.83838100882,700.3811819028375,2124.0845119838714,263.62460325937764,5.037376995886059,3.3888735236506498,3.4292411287733717,0.3866265615793934,0.3664047397535546,49.45607611640064,653.9944176878822,0.614775807865861,16.271305178103518,31.149640826294775,0.9831309963111131,66.25072875631263
DEMO-0232,B28,8.0,14.0,40.0,4.0,60.0,329.1001293471621,487.3302793880847,64.32675978467205,11.838735638718878,22.46968640897648,134.66864708129935,192.13877673706423,66.17346029657878,11755.495137254598,849.2594282876088,2043.1490087247503,344.6293157922951,5.403784654632751,3.642428609708125,4.4502390043264395,0.4479911149894542,0.44314533850767557,44.38139677967756,579.5442742966139,0.5481610351127724,18.222648212309554,29.961372888882742,1.0277716099791097,65.94323823655117
DEMO-0233,B22,6.0,10.0,40.0,8.0,60.0,373.726236095582,436.78192274098,36.09970955684555,11.812072490411325,41.25737752509154,130.35948780445466,234.1036345072664,68.53252248096878,11684.142207592517,711.1010036858434,2053.885202741827,282.61962228152896,5.065831912454497,3.509057274084919,5.439723291900153,0.361382342888549,0.397490919203816,45.533399280045856,570.2231009314934,0.5856095055980262,17.502071971719925,33.91827242907568,1.1126462564862836,65.13201199913891
DEMO-0234,B14,6.0,14.0,40.0,6.0,60.0,380.0214302747137,391.1863408928831,34.19106666965003,6.328601152285055,39.359060338535,103.19971319010705,113.5524212125922,62.147017264487076,11429.913127186177,701.1399486617016,2104.1674581798034,292.20239673389995,4.337024206351942,3.3524917904692937,4.525563034615802,0.44653335076902306,0.4224480778466885,48.65901023724275,607.8791774641077,0.5371018020793118,15.218773638437364,26.03807659838005,0.8723204149798496,68.89035619478244
DEMO-0235,B25,6.0,14.0,40.0,6.0,60.0,463.81930719465373,375.6855419519138,46.812356065590066,13.30707452530869,34.37108138722468,85.99944557626011,218.95013709217352,70.9372760065452,12461.21940629553,845.8254014597005,2385.0154080992515,311.5069571344757,4.245450567190814,2.741497112422632,3.8764112532371566,0.29390556424795145,0.3526341215308916,50.92796609821701,625.3611668528376,0.46749942374332976,15.817506353355908,28.199352438670495,0.967024704958956,69.63994356915089
DEMO-0236,B02,7.0,14.0,40.0,4.0,45.0,543.1316545170381,354.5960803621266,52.077789957539025,4.557338567868887,20.321242791843275,110.16375188926048,294.9333093050258,62.64707676487544,11104.46032114429,749.5462162152726,2122.3748417022002,299.21530786467764,4.764135320642044,3.6640445862121163,3.509408181016636,0.3850037355154947,0.4108904925088584,48.57221099445998,625.5866216552787,0.4792659072760337,17.22354533824574,29.98244828080263,0.9313422331165828,67.35467667609512
DEMO-0237,B01,8.0,14.0,30.0,6.0,60.0,452.96612318408506,542.7793225328797,61.04609148844678,4.31962443663198,29.576323410604182,124.90616110915101,277.51810865372465,61.37180211968171,12221.596909142152,805.1149052891203,2156.3463309252083,303.5028924863624,5.313770048627923,3.9736839826472337,3.682813406752337,0.4320644593352535,0.38067503820139525,48.33433892049349,590.3604871891398,0.5015933313212728,18.13816940670874,31.343026423520243,1.0130775933640888,70.64050136799902
DEMO-0238,B19,8.0,12.0,20.0,8.0,60.0,409.05676397166764,556.3943617627374,57.21294845992638,5.076620596336022,24.946332789879932,89.78673715019194,185.14123762401812,67.29039869679485,11693.034662825627,787.570917931232,2221.1950672034977,295.821215237345,4.97854605788654,2.7761371237536463,2.986626234874778,0.3931165278751096,0.33332378492691894,50.00624279581023,604.9924622150841,0.4320179801868611,15.483552222544665,31.15614220938614,1.0021295252802405,64.87354063990618
DEMO-0239,B24,8.0,10.0,40.0,8.0,75.0,459.89165788292075,409.5013324143975,30.62119453784487,6.94608285857618,20.2782108706659,96.74291506859439,298.27104675865553,67.13203445877033,12281.714831478634,690.547739144059,2344.887279254443,285.2061242510553,3.8216850588993796,3.1321540267158277,2.308496804553783,0.4311570535477359,0.3294843217983452,55.357068061987434,636.8450003970194,0.4081811167722877,16.516397044085444,22.565243882053757,0.8585917676966672,68.5872147573603
DEMO-0240,B11,7.0,12.0,20.0,6.0,45.0,323.515069587064,530.9766760826885,40.8906898041823,13.70491388605987,26.14469672306016,117.46700356308128,262.03458242172456,63.758804610686816,11379.707047034684,697.183276977317,2065.910240655392,250.6556545673289,5.723382604513291,3.722096541269684,4.642621309479458,0.4185176186848245,0.47207638803011404,41.44955778059683,582.2497749756401,0.6443182482199501,19.949833294451235,34.71250626262451,1.1220035222127047,69.53973168176293
DEMO-0241,B22,7.0,12.0,40.0,6.0,75.0,411.16785226700836,360.2596036822816,31.76131049531044,5.033248860928076,31.64791546446115,133.89321688402066,173.04120851300155,62.31327841478451,11342.254893571377,641.1139671298604,1937.32415025662,250.47950932295896,6.3833196710953475,3.983412871049727,5.0367147060079684,0.4090776176858845,0.49391908813033736,44.55882756373805,551.3575443517421,0.6179564613242428,21.205937023596782,35.23054624556938,1.109608397838315,69.15033760184468
DEMO-0242,B20,8.0,10.0,40.0,4.0,45.0,375.2862509492103,506.04753928061353,53.67029355274385,8.499308695888484,30.539898202362554,94.72183791996025,310.40875872181437,69.38577325020498,11916.361838802872,840.237466938681,2337.6919476205967,331.80595559831283,4.409679843934082,2.7978204230801604,3.5132793415878614,0.34010396565723056,0.3532446015490494,50.32563519739681,631.457088490972,0.48306889784356116,14.601405742070254,29.373575158237713,0.9383980342389122,73.33397440491964
DEMO-0243,B19,8.0,10.0,40.0,4.0,75.0,522.3308309428821,534.7264989579849,63.5856551610552,3.900007065756039,21.060257199934938,109.9102948387577,103.37854823321719,67.45026720717782,12131.334326131991,828.9124238288259,2337.1359035559653,322.1385883442125,3.1660952443547585,3.1367516711388044,2.4345411562869637,0.36410133770957387,0.34285090294088216,55.15987714832825,646.2869465686775,0.4229115200322542,12.654669564119695,23.85821451447135,0.7542114696406419,69.79293214359855
DEMO-0244,B13,7.0,10.0,40.0,8.0,75.0,381.87523764535325,403.06314589876433,30.74807271403163,13.737334794575185,34.101987241693315,108.03999919897707,248.72679211351902,65.79290302901538,12371.386077558487,725.6411337351708,2348.363678403382,304.3552605550587,3.651350805949857,3.002755236286967,2.9973225974321935,0.3483307251521341,0.29426622738434804,54.866371734949084,602.0749173373395,0.445067380558915,13.149660873011507,20.950314101184205,0.7684615591314314,74.89864776369731
DEMO-0245,B13,6.0,14.0,40.0,4.0,45.0,552.0736521417799,427.2510550229277,38.915070052175636,7.774733184942065,24.22995254183202,126.18206945623513,161.13099959673883,66.86406321741238,12372.14584733251,734.9785676419351,2245.6824865660337,281.4890774622598,4.579173661680488,3.24997159256263,3.6165911840319587,0.3699501793441441,0.38052040767742656,49.88699519014583,601.7813949166094,0.5633752131098695,17.858266187976053,22.65108988117452,0.8897644775077616,71.06695782277276
DEMO-0246,B23,8.0,10.0,40.0,6.0,45.0,438.6396488905567,492.731391133345,33.484277039632566,13.045557139915774,29.103455947799148,111.30526937001144,144.3321617299742,72.73077618701969,12764.00724151478,761.3419569849809,2282.832730652408,300.9108018008344,3.949999147718439,3.36108474365198,3.3124091726781653,0.4185131403459631,0.31949296563561497,48.45476306741209,648.2911507133176,0.4243864759007989,14.80678380941652,24.511116431821804,0.8347916946940558,70.93485674984366
DEMO-0247,B02,7.0,14.0,30.0,8.0,75.0,556.3904713637351,342.3424718369129,43.469508816901126,3.313161743864043,19.048914175904,101.09614303995545,302.9850459966524,64.02361123588452,11126.248586879467,713.4153427729887,2219.1439794271496,285.9883067989827,4.655690561242749,3.35166556502108,3.021757101788608,0.422557460844062,0.3734515419166912,49.21103475785276,629.9734599572831,0.5262810408577817,18.493752138267382,30.395104481590398,0.9961887360927519,64.54260905554699
DEMO-0248,B13,7.0,10.0,30.0,4.0,45.0,542.1867535184041,331.4061065271711,43.45828195765157,7.231014762806446,20.097056277628326,134.67638232233602,106.07196055716524,65.01328085566354,11202.66440331971,672.3756378832469,1989.9630763524326,267.9091049481661,6.926684391492016,3.9254861653857587,4.7096132084802775,0.2937636977204151,0.4896710446856022,39.268868768488296,540.9410841087209,0.6817632838585881,22.782883500134293,41.117411530335204,1.2822520852158663,64.91899138754181
DEMO-0249,B12,6.0,12.0,30.0,6.0,60.0,551.0651480655289,519.9325174154278,56.27337893773333,8.101882113781198,18.385943081420564,83.1863334476703,199.73737232392634,65.81092116594839,13194.821277696785,879.432920626255,2506.968512346062,322.54585836017066,3.1419782972363253,2.4958942793730152,2.114854850083411,0.47914122525611086,0.25904218525671113,54.37698567780406,639.2126958285072,0.35620465851493294,11.69362224277562,19.60964353949095,0.7348422875293469,64.92987121844385
DEMO-0250,B26,7.0,14.0,20.0,4.0,45.0,346.95466846986045,429.45362653498626,42.204060390022036,5.096800179919149,24.529871712574966,103.28743189903814,237.42351101168396,61.44476000337484,11244.037860053037,705.1464904854698,2190.482375386508,276.2818968397195,4.448139142476872,3.741232202643375,3.1362104067418213,0.3662501858513848,0.35862781837190627,48.540137097965655,626.6511492317369,0.48755744860399075,18.32028398937964,25.775437876032715,0.9341974616488818,71.73527089958588
DEMO-0251,B25,7.0,14.0,20.0,8.0,45.0,464.4469342992437,498.8364801982739,63.91224015640434,10.764688550329973,42.65450852319351,112.52686804107124,112.20310859366668,68.08817021795952,12329.586512973958,859.2771797962334,2229.004306085255,304.18061381940146,3.63179518798592,3.468579145430297,4.123679967738978,0.4721708325789994,0.4081354476395612,52.126224668480006,613.9341614996224,0.47555006179309367,14.85556220124538,27.774177689525327,0.8832467980365318,68.5020096728038
DEMO-0252,B24,6.0,10.0,40.0,6.0,45.0,386.1733535042482,543.21920182545,36.349584756641704,13.477917910878075,44.537521611687936,127.637905674455,194.42757899887485,64.77684937454926,12606.464145157457,720.2010047736112,2189.348884027776,283.33557787375855,5.487552723113732,4.066089571289361,5.083705024568826,0.31478010758339375,0.42154097646416094,47.337200630868665,577.9437570621409,0.6372321802753115,18.352166683449184,29.509843943530434,1.0162797934887473,62.446290947996296
DEMO-0253,B17,8.0,14.0,30.0,4.0,75.0,515.4513950697143,351.56137760439026,55.521549067193206,3.294705901756512,18.419137829147907,132.32871999400265,250.89856950908074,63.79119860749083,11182.899231996947,740.4859206535151,1978.711456389351,287.12006661109416,5.115829556421452,4.5025916765741645,3.9677954907251363,0.38037184862510515,0.45963677995628294,44.22490541030163,587.3441321655841,0.5140070197894235,18.176954857917405,32.14247167279534,1.0714185827519835,60.863777821381575
DEMO-0254,B14,7.0,14.0,40.0,4.0,75.0,364.75396179720167,518.4543276549356,56.994543609181164,2.006472277161871,30.717627302080516,101.61311634122558,232.53299162615104,62.9901553026112,11397.392373579387,802.7354865396892,2105.627001932386,321.23480316700835,4.761286547514913,3.480529827628061,3.8568163203346653,0.34058759490923846,0.40320869579241897,50.72097345900889,607.8865529139539,0.611212562397761,17.802623108833007,28.584087145762002,0.968030900662036,73.59953756910714
DEMO-0255,B05,6.0,14.0,20.0,6.0,75.0,433.6688093437461,456.0067209186736,50.54646723484605,11.504197719315329,24.721234677972067,117.65082646758141,312.03191673848653,68.00615166039756,12038.101547979442,754.8097932866533,2142.3585204029478,293.1211278721453,4.725689593820418,3.049510021197485,3.820836702964133,0.3508264300900344,0.35360696867752117,50.68190993015526,621.4843664002988,0.5528251435780354,15.65965669877684,30.13641961786002,0.9871311103238546,70.11971574450834
DEMO-0256,B04,6.0,12.0,30.0,6.0,75.0,434.88551201275465,443.2583009444682,45.690682101033936,7.166679879093169,37.465001716604505,100.63374330672885,109.78677120944096,63.89184720962921,11964.371413031833,733.5848689502243,2342.1366992646736,278.03947436152384,3.431995548045555,2.5775835000850753,3.2940864759637485,0.4515451206805953,0.2984691196466405,53.126372032413144,603.4797214639603,0.5086569842930134,15.358758989246294,21.229995654509256,0.8613204914272119,72.00915022548021
DEMO-0257,B07,6.0,12.0,40.0,4.0,60.0,494.3732470445623,342.0784715085233,30.020425353011447,6.564539383833615,23.202436592963178,114.58298351181443,155.5874692557865,66.46433834062609,11827.397683447272,660.4464030290112,2165.0175832446075,278.3221187240913,4.8116470750223375,3.366260460395681,2.991244015400662,0.37880445286901404,0.36265480844150666,51.90858587751075,616.8654324602998,0.5321076945419826,17.049589003748316,26.624624227058145,0.9745779133805631,63.32600982543788
DEMO-0258,B24,7.0,14.0,30.0,6.0,75.0,349.57446598289255,494.02982508115065,33.5255571551409,6.94872919401015,34.48861765738701,125.24963948142782,131.16888327981806,64.0931664785338,11296.647574523304,643.2282488803002,2089.8861033720414,234.7541665773191,6.104821129015551,3.7523761960743798,4.106554653082075,0.2734059203865779,0.4272094243208943,40.60278938814523,572.1891720034816,0.5744587434048641,20.21450061528519,35.52194781573688,1.0741430563430305,66.69735223759908
DEMO-0259,B14,6.0,10.0,30.0,8.0,45.0,337.5445104790817,505.6481251975668,48.15577892923883,8.4381771923812,32.90491658884052,106.12878355054556,133.00191148466234,67.89182390777844,11768.002186300082,781.7300330463302,2262.570378748749,290.30141423350204,5.016313821640068,3.1764485217511607,3.5809340838198644,0.2612402662220292,0.3722256850673172,43.54478448009618,612.8267030445098,0.5795649942957588,17.328323425234665,30.679984436586842,0.9727398029542058,69.2511383114776
DEMO-0260,B10,6.0,10.0,30.0,6.0,75.0,425.6076262719913,338.5042882150738,44.168470684908144,7.520356994410728,34.30192412670793,114.53704236381085,195.2454026773245,63.67458306673481,11269.040759220745,737.1177454514678,1955.1667814311534,279.45415366882065,5.107470716670356,3.504807179603938,5.459767945336605,0.2950160858685916,0.43171485455724967,48.22534419709436,552.2292291478835,0.5930324314011846,20.377029822977008,31.92894418742099,1.037945156268907,70.21761173271108
DEMO-0261,B28,7.0,14.0,40.0,4.0,45.0,547.2984614593734,369.9184523463209,53.765443176205174,2.0908282281272443,18.300023781619,134.56662033543057,214.2572630122889,67.2318918059068,11518.356219127796,747.5468965224602,2069.1591600814218,294.6842818806211,5.467064069380361,4.169875804270632,3.8959933522655494,0.363413389904454,0.41198072624855897,40.721458995073476,567.8354095441339,0.5820596683179016,18.28306964265726,33.90051192686833,1.1026561343147931,63.71332748419072
DEMO-0262,B04,6.0,10.0,40.0,6.0,75.0,435.6211635842165,432.57245340370645,30.882839453524266,4.76382876240174,43.825844385808985,83.32467392867,172.13024733835465,61.30922740886084,11798.539725150764,732.1468935338241,2263.9722003177476,264.39255779599694,4.743078486193145,3.398596346236208,4.162922287663928,0.3632052964554004,0.380317549516686,50.57144515400462,562.646174235099,0.5388960161127805,14.702184284621216,28.486133545766876,0.9103515957146449,62.00440890570206
DEMO-0263,B28,8.0,14.0,30.0,6.0,75.0,424.31480391364937,504.0987774076277,57.329296304980275,8.947788285527235,36.9820590163076,128.93595219991056,322.7242011979292,68.19411972107498,11756.504771871378,821.4595120234709,2190.308764944231,300.34542768033793,4.169792326871711,3.7699882204269355,4.822852558996272,0.3471650618746096,0.4118669332843722,54.45441846174394,619.8588514931946,0.448733728010723,17.150741885506307,30.404836898767627,0.9579924040032799,65.59033961416434
DEMO-0264,B01,7.0,10.0,20.0,6.0,75.0,388.5599554738883,402.85130143608166,43.679505580919226,8.464715956097008,35.75840382924976,82.91162517282156,111.22323980661561,68.50295871506005,12137.410034656155,718.8594842020497,2240.195656639873,268.918002877493,4.594269023478044,3.76515589218316,4.011693816144291,0.3625296742521466,0.4059421005551494,44.79832605060218,613.881813604575,0.5563627548439918,15.902134608751137,29.840434881836114,0.9697821774962078,67.29627454383102
DEMO-0265,B15,8.0,10.0,40.0,4.0,45.0,408.1008648464071,470.3353602173113,35.627482812362004,3.919600438787183,35.658389312442935,86.4140112067936,223.61337338477085,64.88742552600623,11840.584553080247,703.6510798180259,2297.1004539597475,252.5498864624749,4.705669755474077,3.8489888808448143,4.0788023778561415,0.39309682715008776,0.4025391752495421,47.71448076416794,632.1396295292077,0.5563681649414867,17.954739047762235,30.313007494258773,0.9962376679184421,66.42581173664266
DEMO-0266,B25,6.0,10.0,20.0,6.0,45.0,455.2685777372801,355.25375304551676,32.79158636274548,12.465536965862807,24.692121844537407,131.17311886257244,215.5416357923701,65.29003221138127,11602.84111042266,647.3138019498194,2167.533719053269,253.73831576393158,4.943807058576188,4.082515977420666,3.3731319540438958,0.43382979138806266,0.42900825754972133,47.469811201614554,620.4685167503445,0.5026575369328614,18.46108412408133,32.2293573266749,0.9648881493951985,68.76486871821062
DEMO-0267,B16,8.0,12.0,20.0,8.0,60.0,365.471413808939,383.765554228433,36.20067422541304,10.056855629852517,23.515660657437657,99.19020653337252,312.2623467837161,61.3439378091707,11326.809258792873,692.4098500882964,2131.92130986441,288.12450982711573,4.291511085048201,3.596890696494833,3.7798654161373624,0.3722159303862146,0.37266634879396865,49.6096631527083,589.7567214328911,0.5389158779250951,17.130630306894158,26.97135915617331,0.9186892637576655,67.87424170491315
DEMO-0268,B05,7.0,10.0,40.0,6.0,45.0,343.2031158645431,465.7207658305357,31.028331470645448,7.555532368707344,29.42525715873565,95.4113145249028,278.3390964629918,64.41525265649034,11491.448842633607,696.1651494758717,2309.7724614426834,269.6030091781176,4.596858089900536,3.290743640870589,3.5850607558311385,0.2971284774037062,0.37968743590187776,46.50838002745484,620.5348545932727,0.5204466762201604,16.881487906059114,29.524043090640806,0.9228298605477956,71.58156900283997
DEMO-0269,B12,8.0,12.0,30.0,8.0,60.0,520.8380724502395,540.4848998689404,46.088911709395944,9.31801159917816,41.43334006055523,98.62745814077115,229.525473801065,70.46324529600133,12981.059988040999,807.1913034328958,2333.5088928323203,292.849459670599,3.1905547033917343,3.1189172706820156,3.3316783956494223,0.287380233720067,0.32701796100585473,53.14554864654955,653.9176301571954,0.420577532146325,13.395968168279465,20.892640928028268,0.7559698348198877,66.13088775102767
DEMO-0270,B24,7.0,12.0,40.0,4.0,60.0,470.0522591901494,473.1476133836833,33.72189179173223,11.33735278425302,44.962926182767106,128.2003240052005,241.72384937825376,66.81857791867753,12557.11110274249,689.6654785863736,2320.1252908954584,288.4421881486061,3.5986605733532455,3.363953735428153,4.058875871782969,0.4068698944969688,0.32577170499608393,51.92082476520217,583.7015539388262,0.4645945926662184,13.262850214314003,22.318574960657774,0.7929944267912082,63.206823087566015
DEMO-0271,B14,8.0,12.0,20.0,8.0,75.0,468.43460705272093,353.22605081039137,60.94888682130417,12.76890186676205,29.45438709343614,119.33395556206298,286.0911449479526,68.10659656775016,12031.824298332875,816.0328115027595,2103.4214005351964,302.7541898761175,5.749641648158035,4.098973872326566,4.52818484309833,0.4210605960049356,0.44102415174165954,42.203282584365375,597.6843304756444,0.641750285015797,19.395983230758873,34.22147161962579,1.0668102694741055,71.17761981608537
DEMO-0272,B14,6.0,12.0,30.0,6.0,45.0,420.9529419749829,361.0585930854861,31.37285893455951,13.890455529922843,20.093421607679286,117.85573691779322,294.74094370023465,62.7839261091801,12045.768202079476,662.6282830587127,2166.702811186902,254.24079431110533,5.5087697390051,3.524287546959261,3.621382801412439,0.36809363943764367,0.39831486728237875,45.761820304774645,588.2523919485059,0.6452740613013911,19.16664666049654,31.68775249883016,1.055346921278566,68.50004196800471
DEMO-0273,B15,6.0,10.0,20.0,8.0,60.0,481.07365460370863,514.6591194217925,33.76265949314249,5.3993248065136905,38.230955322475026,132.3985976252074,229.28832834472598,66.52756082704036,11776.193811134905,655.4990771084199,2118.0606758735717,267.15419514725687,5.066913700743448,4.389889737702071,5.097352848193589,0.36697588478348425,0.45065091467789353,47.15758396903768,583.1231950077465,0.5324371376581691,19.215218669145802,33.42411294446335,1.0799045459332377,66.14813894645431
DEMO-0274,B14,7.0,12.0,40.0,4.0,75.0,375.08710094802774,481.9779762604669,62.719833920873526,5.370612676860262,20.607204751050762,132.64083319434218,237.63559648858467,63.28311037296829,11491.935660723564,826.3331217842141,2053.813201812819,308.8281065586067,5.4378820108012755,4.066948026162677,3.8951769762057613,0.39604187601199786,0.4755848512095138,50.76073640545049,557.1623801564674,0.5437660868308053,19.9842537269047,30.61197993565929,1.0594050204702001,67.86825519908989
DEMO-0275,B07,8.0,10.0,30.0,6.0,45.0,491.7921421956558,475.34861458045594,44.41580364915046,11.310615170551618,39.93137271042647,86.94996516085209,310.24231024272524,66.90484316198929,12689.061917359913,792.3072725147684,2316.747758672866,317.7858080900444,4.017387546778212,2.899076698135932,3.711440165199047,0.39176829956936043,0.3543259823630528,50.16764736376041,605.9042876794605,0.4960350757140599,14.603840978461417,24.286219872987147,0.8693628238140533,66.11126922023598
DEMO-0276,B15,6.0,14.0,40.0,6.0,45.0,334.64871063699843,351.65466782333004,35.52616509829343,2.860020296220427,20.999168511576254,81.01982924037351,145.052455071782,59.15203676713466,10962.87839897201,725.5842723689378,2249.4301759273817,286.5296538927016,4.488640395462096,3.444699563909291,3.3783315735433117,0.33711480561942714,0.34882642234169575,45.74995399203754,629.3719196144822,0.501578920269913,17.61265150564293,28.768012840860557,0.9367062504719039,67.1426305772426
DEMO-0277,B13,6.0,10.0,40.0,6.0,75.0,418.99662201423996,520.0493243484977,54.22812238205017,5.29531183261606,26.63705149600717,80.20317473857932,175.69024976102017,66.09626812336555,12319.158173203381,843.2086932473915,2347.3380239155235,331.1436706532897,4.026687717359974,2.770222410940778,2.476222205248193,0.23282945608067793,0.27728596873757166,50.181217254912724,614.4216772257844,0.4666609368680938,12.101193874143634,24.858429809844672,0.8479282521545775,69.55688092826973
DEMO-0278,B03,7.0,14.0,20.0,6.0,45.0,414.0776468700067,539.4000025028686,37.3420106022857,4.601753985922843,24.08518710502494,122.61191284437089,212.08158988314256,67.93131634771296,11898.34012075698,628.9217549496003,2169.603449368637,244.85566965341235,4.997271722702795,4.216344032845862,2.853215020985554,0.3826754954086834,0.4075431406439344,49.575102665190414,589.5748207755794,0.5896971996697168,15.986972988551704,31.990743339259048,1.0233953040310533,64.84589491087362
DEMO-0279,B21,6.0,14.0,20.0,8.0,45.0,550.6093278567887,406.40484079179157,34.042110510288396,8.13349274166176,32.191828009827134,96.74274086082548,176.0023768493449,67.37901953841785,12034.871028149139,674.0397579665422,2330.9811419250836,245.43328840618224,4.75993153965891,3.69504365474832,3.230049982708379,0.33634826285287667,0.38602051856553554,43.7182231792019,634.0929858561303,0.465007422246288,17.16855436910946,32.81402525776686,1.0471691796553015,68.44934444375045
DEMO-0280,B14,8.0,12.0,20.0,6.0,45.0,529.4543134283883,440.7817835832486,61.33634087704409,5.940160912792404,23.380954709225534,133.62328899463327,149.4287206114406,66.84464229093902,11728.210391843655,794.7074293997448,2071.1917729124366,301.9107712965977,5.398316755121521,4.026126877554288,4.160822877003884,0.4839073158784718,0.46938715433626554,43.07427631756606,574.8416552871744,0.6165726342941779,17.9348970607354,32.421757585421126,1.0963132857322417,70.32711277271406
